id,名称,地址,直流桩总数,交流桩总数,运行商,电站类型,直流平均费用,交流平均费用,各时段充电费用,各时段服务费用,停车费用,经度,纬度
10004,三菱电梯,江川路811号(近菱川路),0,2,安悦充电,专用站点,0元/度,0元/度,0--0--0--0--0--0--0--0--0--0--0--0--0--0--0--0--0--0--0--0--0--0--0--0,0元/度,停车费具体以场地方收取为准,121.403107,31.005872
10007,虹桥绿地e享天开,延安西路2238号新虹桥中心花园北门停车场,0,10,安悦充电,专用站点,0元/度,0元/度,0--0--0--0--0--0--0--0--0--0--0--0--0--0--0--0--0--0--0--0--0--0--0--0,0元/度,停车费具体以场地方收取为准,121.410743,31.207074
10009,蓝宫大酒店,博乐南路125号,1,15,安悦充电,专用站点,最高1.28元/度,最高1.28元/度,0.38--0.38--0.38--0.38--0.38--0.38--0.78--0.78--1.28--1.28--1.28--0.78--0.78--0.78--0.78--0.78--0.78--0.78--1.28--1.28--1.28--0.78--0.38--0.38,0.5元/度,停车费具体以场地方收取为准,121.269151,31.381674
10011,花园坊节能产业园区,中山北一路121号,3,68,安悦充电,专用站点,1.25元/度,1.25元/度,1.25--1.25--1.25--1.25--1.25--1.25--1.25--1.25--1.25--1.25--1.25--1.25--1.25--1.25--1.25--1.25--1.25--1.25--1.25--1.25--1.25--1.25--1.25--1.25,0.6元/度,10元/小时 (仅供参考，具体以场地方收取为准),121.481222,31.278244
10012,幸福码头,中山南路1029号,0,4,安悦充电,公共站点,1.3元/度,1.3元/度,1.3--1.3--1.3--1.3--1.3--1.3--1.3--1.3--1.3--1.3--1.3--1.3--1.3--1.3--1.3--1.3--1.3--1.3--1.3--1.3--1.3--1.3--1.3--1.3,0.5元/度,5元/小时 (仅供参考，具体以场地方收取为准),121.512183,31.21734
10015,中福古玩城,福州路542号,0,12,安悦充电,公共站点,1.25元/度,1.25元/度,1.25--1.25--1.25--1.25--1.25--1.25--1.25--1.25--1.25--1.25--1.25--1.25--1.25--1.25--1.25--1.25--1.25--1.25--1.25--1.25--1.25--1.25--1.25--1.25,0.6元/度,9元/小时 (仅供参考，具体以场地方收取为准),121.48585,31.239457
10016,中福花苑二期,中山南路1358弄海潮路,0,27,安悦充电,公共站点,0.641元/度,0.641元/度,0.641--0.641--0.641--0.641--0.641--0.641--0.641--0.641--0.641--0.641--0.641--0.641--0.641--0.641--0.641--0.641--0.641--0.641--0.641--0.641--0.641--0.641--0.641--0.641,0.6元/度,8元/小时，24小时内封顶64元 (仅供参考，具体以场地方收取为准),121.505252,31.215348
10017,明天广场,南京西路399号,0,25,安悦充电,公共站点,1.5元/度,1.5元/度,1.5--1.5--1.5--1.5--1.5--1.5--1.5--1.5--1.5--1.5--1.5--1.5--1.5--1.5--1.5--1.5--1.5--1.5--1.5--1.5--1.5--1.5--1.5--1.5,0.6元/度,9元/小时 (仅供参考，具体以场地方收取为准),121.476152,31.236014
10019,桔子酒店大渡河路店,大渡河路658号,0,2,安悦充电,专用站点,0元/度,0元/度,0--0--0--0--0--0--0--0--0--0--0--0--0--0--0--0--0--0--0--0--0--0--0--0,0元/度,停车费具体以场地方收取为准,121.402427,31.235296
10020,桔子酒店西藏北路店,中山北路311号,0,2,安悦充电,专用站点,0元/度,0元/度,0--0--0--0--0--0--0--0--0--0--0--0--0--0--0--0--0--0--0--0--0--0--0--0,0元/度,停车费具体以场地方收取为准,121.474549,31.270173
10021,全季肇嘉浜路店,肇嘉浜路221号,0,1,安悦充电,专用站点,0元/度,0元/度,0--0--0--0--0--0--0--0--0--0--0--0--0--0--0--0--0--0--0--0--0--0--0--0,0元/度,停车费具体以场地方收取为准,121.469539,31.208939
10022,汉庭桂林路店e享天开,桂林路656号,0,3,安悦充电,专用站点,0元/度,0元/度,0--0--0--0--0--0--0--0--0--0--0--0--0--0--0--0--0--0--0--0--0--0--0--0,0元/度,停车费具体以场地方收取为准,121.420367,31.187155
10023,全季吴中路店,吴中路699号（近虹许路）,0,2,安悦充电,专用站点,0元/度,0元/度,0--0--0--0--0--0--0--0--0--0--0--0--0--0--0--0--0--0--0--0--0--0--0--0,0元/度,停车费具体以场地方收取为准,121.40207,31.186366
10024,淞虹路P+R点,金钟路631号P+R枢纽大楼停车场2层,0,5,安悦充电,专用站点,0元/度,0元/度,0--0--0--0--0--0--0--0--0--0--0--0--0--0--0--0--0--0--0--0--0--0--0--0,0元/度,停车费具体以场地方收取为准,121.365441,31.225238
10025,创智天地（五角场枢纽）,杨浦区国济路政通路路口,0,4,安悦充电,专用站点,0元/度,0元/度,0--0--0--0--0--0--0--0--0--0--0--0--0--0--0--0--0--0--0--0--0--0--0--0,0元/度,停车费具体以场地方收取为准,121.52088,31.30954
10026,中信君廷(小区内部使用）,宛平南路1198号君廷售楼处,0,36,安悦充电,专用站点,0.641元/度,0.641元/度,0.641--0.641--0.641--0.641--0.641--0.641--0.641--0.641--0.641--0.641--0.641--0.641--0.641--0.641--0.641--0.641--0.641--0.641--0.641--0.641--0.641--0.641--0.641--0.641,0.5元/度,停车费具体以场地方收取为准,121.460624,31.186537
10027,鹏欣浦江智谷,联航路1188号,0,19,安悦充电,公共站点,1.5元/度,1.5元/度,1.5--1.5--1.5--1.5--1.5--1.5--1.5--1.5--1.5--1.5--1.5--1.5--1.5--1.5--1.5--1.5--1.5--1.5--1.5--1.5--1.5--1.5--1.5--1.5,0.6元/度,10元/小时 (仅供参考，具体以场地方收取为准),121.531183,31.086136
10028,国际工业设计中心,逸仙路3000号,1,9,安悦充电,公共站点,1.4元/度,1.4元/度,1.4--1.4--1.4--1.4--1.4--1.4--1.4--1.4--1.4--1.4--1.4--1.4--1.4--1.4--1.4--1.4--1.4--1.4--1.4--1.4--1.4--1.4--1.4--1.4,0.6元/度,5元/小时 (仅供参考，具体以场地方收取为准),121.503844,31.345916
10029,车享家（吉浦路）,吉浦路3号,0,2,安悦充电,专用站点,0元/度,0元/度,0--0--0--0--0--0--0--0--0--0--0--0--0--0--0--0--0--0--0--0--0--0--0--0,0元/度,停车费具体以场地方收取为准,121.497795,31.305059
10030,车享家（军工路）,军工路1488号,0,2,安悦充电,专用站点,0元/度,0元/度,0--0--0--0--0--0--0--0--0--0--0--0--0--0--0--0--0--0--0--0--0--0--0--0,0元/度,停车费具体以场地方收取为准,121.552712,31.318942
10070,黄浦工人体育馆,外马路1288号B1层,0,6,安悦充电,公共站点,最高1.159元/度,最高1.159元/度,0.345--0.345--0.345--0.345--0.345--0.345--0.708--0.708--1.159--1.159--1.159--0.708--0.708--0.708--0.708--0.708--0.708--0.708--1.159--1.159--1.159--0.708--0.345--0.345,0.6元/度,10元/小时 (仅供参考，具体以场地方收取为准),121.510169,31.21334
10071,金桥大众4S店,金海路351号,0,2,安悦充电,专用站点,0元/度,0元/度,0--0--0--0--0--0--0--0--0--0--0--0--0--0--0--0--0--0--0--0--0--0--0--0,0元/度,停车费具体以场地方收取为准,121.613623,31.265419
10179,复旦管院,国顺路670号,0,1,安悦充电,专用站点,未知,,0--0--0--0--0--0--0--0--0--0--0--0--0--0--0--0--0--0--0--0--0--0--0--0,未知,停车费具体以场地方收取为准,121.513374,31.30197
10180,快易名商,顺昌路622号,0,2,安悦充电,专用站点,未知,现场收,0--0--0--0--0--0--0--0--0--0--0--0--0--0--0--0--0--0--0--0--0--0--0--0,现场收,停车费具体以场地方收取为准,121.486035,31.216544
10183,十六铺码头,中山东二路531号,0,17,安悦充电,公共站点,1.35元/度,1.35元/度,1.35--1.35--1.35--1.35--1.35--1.35--1.35--1.35--1.35--1.35--1.35--1.35--1.35--1.35--1.35--1.35--1.35--1.35--1.35--1.35--1.35--1.35--1.35--1.35,0.6元/度,9元/小时 (仅供参考，具体以场地方收取为准),121.503068,31.234837
10187,花园坊个人,上海市虹口区花园路171号,0,1,安悦充电,专用站点,0元/度,0元/度,0--0--0--0--0--0--0--0--0--0--0--0--0--0--0--0--0--0--0--0--0--0--0--0,0元/度,停车费具体以场地方收取为准,121.482313,31.27799
10188,世纪商贸广场（内部专用）,长乐路989号,0,3,安悦充电,专用站点,0元/度,0元/度,0--0--0--0--0--0--0--0--0--0--0--0--0--0--0--0--0--0--0--0--0--0--0--0,0元/度,停车费具体以场地方收取为准,121.453447,31.221671
10189,上海市司法局,吴兴路225号,0,8,安悦充电,专用站点,未知,,0--0--0--0--0--0--0--0--0--0--0--0--0--0--0--0--0--0--0--0--0--0--0--0,未知,停车费具体以场地方收取为准,121.451461,31.207472
10190,金陵商务广场（仅限内部租户使用）,宜山路801号,0,6,安悦充电,专用站点,1.31元/度,1.31元/度,1.31--1.31--1.31--1.31--1.31--1.31--1.31--1.31--1.31--1.31--1.31--1.31--1.31--1.31--1.31--1.31--1.31--1.31--1.31--1.31--1.31--1.31--1.31--1.31,0.6元/度,停车费具体以场地方收取为准,121.414461,31.178551
10191,车享网总部,华山路1520弄,0,2,安悦充电,专用站点,0元/度,0元/度,0--0--0--0--0--0--0--0--0--0--0--0--0--0--0--0--0--0--0--0--0--0--0--0,0元/度,停车费具体以场地方收取为准,121.439487,31.211186
10192,普洛斯物流园区,莲花南路3000号,3,0,安悦充电,专用站点,0元/度,0元/度,0--0--0--0--0--0--0--0--0--0--0--0--0--0--0--0--0--0--0--0--0--0--0--0,0元/度,停车费具体以场地方收取为准,121.43757,31.06682
10193,虹桥绿地,延安西路2238号新虹桥中心花园北门停车场,0,2,安悦充电,公共站点,1.4元/度,1.4元/度,1.4--1.4--1.4--1.4--1.4--1.4--1.4--1.4--1.4--1.4--1.4--1.4--1.4--1.4--1.4--1.4--1.4--1.4--1.4--1.4--1.4--1.4--1.4--1.4,0.6元/度,8元/小时 (仅供参考，具体以场地方收取为准),121.410743,31.207074
10194,古北财富中心,古北财富二期B4层F区63号停车位,0,2,安悦充电,公共站点,1.58元/度,1.58元/度,1.58--1.58--1.58--1.58--1.58--1.58--1.58--1.58--1.58--1.58--1.58--1.58--1.58--1.58--1.58--1.58--1.58--1.58--1.58--1.58--1.58--1.58--1.58--1.58,0.6元/度,7元/小时 (仅供参考，具体以场地方收取为准),121.41011,31.203627
10195,幸福码头e享天开,中山南路1029号,0,2,安悦充电,专用站点,0元/度,0元/度,0--0--0--0--0--0--0--0--0--0--0--0--0--0--0--0--0--0--0--0--0--0--0--0,0元/度,停车费具体以场地方收取为准,121.512183,31.21734
10198,明天广场e享天开,南京西路399号,0,3,安悦充电,专用站点,0元/度,0元/度,0--0--0--0--0--0--0--0--0--0--0--0--0--0--0--0--0--0--0--0--0--0--0--0,0元/度,停车费具体以场地方收取为准,121.476152,31.236014
10201,车享俱乐部（上海）,金桥路65号,0,10,安悦充电,公共站点,最高1.166元/度,最高1.166元/度,0.347--0.347--0.347--0.347--0.347--0.347--0.712--0.712--1.166--1.166--1.166--0.712--0.712--0.712--0.712--0.712--0.712--0.712--1.166--1.166--1.166--0.712--0.347--0.347,0.5元/度,停车费具体以场地方收取为准,121.574867,31.275165
10202,虹桥凌空SOHO,金钟路968号,0,139,安悦充电,公共站点,1.25元/度,1.25元/度,1.25--1.25--1.25--1.25--1.25--1.25--1.25--1.25--1.25--1.25--1.25--1.25--1.25--1.25--1.25--1.25--1.25--1.25--1.25--1.25--1.25--1.25--1.25--1.25,0.6元/度,7元/小时 (仅供参考，具体以场地方收取为准),121.358257,31.227364
10203,湾流青年公寓沪太路,沪太路3663路,0,3,安悦充电,公共站点,1.5元/度,1.5元/度,1.5--1.5--1.5--1.5--1.5--1.5--1.5--1.5--1.5--1.5--1.5--1.5--1.5--1.5--1.5--1.5--1.5--1.5--1.5--1.5--1.5--1.5--1.5--1.5,0.6元/度,推广阶段免费 (仅供参考，具体以场地方收取为准),121.413979,31.332831
10204,朵云轩文化艺术中心,天钥桥路1181号,0,3,安悦充电,公共站点,1.4元/度,1.4元/度,1.4--1.4--1.4--1.4--1.4--1.4--1.4--1.4--1.4--1.4--1.4--1.4--1.4--1.4--1.4--1.4--1.4--1.4--1.4--1.4--1.4--1.4--1.4--1.4,0.6元/度,10元/小时 (仅供参考，具体以场地方收取为准),121.453365,31.18110519249
10205,安吉斯领斯柯达,沪闵公路3388号,0,2,安悦充电,公共站点,1.2元/度,1.2元/度,1.2--1.2--1.2--1.2--1.2--1.2--1.2--1.2--1.2--1.2--1.2--1.2--1.2--1.2--1.2--1.2--1.2--1.2--1.2--1.2--1.2--1.2--1.2--1.2,0.6元/度,停车费具体以场地方收取为准,121.409944,31.067168
10206,安吉斯领斯柯达e享天开,沪闵公路3388号,0,1,安悦充电,专用站点,0元/度,0元/度,0--0--0--0--0--0--0--0--0--0--0--0--0--0--0--0--0--0--0--0--0--0--0--0,0元/度,停车费具体以场地方收取为准,121.409944,31.067168
10207,安吉斯领斯巴鲁,沪闵公路3388号,0,2,安悦充电,公共站点,1.2元/度,1.2元/度,1.2--1.2--1.2--1.2--1.2--1.2--1.2--1.2--1.2--1.2--1.2--1.2--1.2--1.2--1.2--1.2--1.2--1.2--1.2--1.2--1.2--1.2--1.2--1.2,0.6元/度,停车费具体以场地方收取为准,121.409944,31.067168
10208,安吉斯领斯巴鲁e享天开,沪闵公路3388号,0,1,安悦充电,专用站点,0元/度,0元/度,0--0--0--0--0--0--0--0--0--0--0--0--0--0--0--0--0--0--0--0--0--0--0--0,0元/度,停车费具体以场地方收取为准,121.409944,31.067168
10209,润和生物科技,张江润和国际总部园张衡路1000弄9号楼,0,9,安悦充电,专用站点,1.2元/度,1.2元/度,1.2--1.2--1.2--1.2--1.2--1.2--1.2--1.2--1.2--1.2--1.2--1.2--1.2--1.2--1.2--1.2--1.2--1.2--1.2--1.2--1.2--1.2--1.2--1.2,0.5元/度,停车费具体以场地方收取为准,121.611876,31.193995
10211,川路大众4S,蕴川路329号,0,2,安悦充电,专用站点,0元/度,0元/度,0--0--0--0--0--0--0--0--0--0--0--0--0--0--0--0--0--0--0--0--0--0--0--0,0元/度,停车费具体以场地方收取为准,121.441696,31.356942
10213,世纪商贸广场e享天开,长乐路989号,0,2,安悦充电,专用站点,0元/度,0元/度,0--0--0--0--0--0--0--0--0--0--0--0--0--0--0--0--0--0--0--0--0--0--0--0,0元/度,停车费具体以场地方收取为准,121.453447,31.221771
10214,东方国信商务广场,福泉北路388号,0,57,安悦充电,公共站点,1.3元/度,1.3元/度,1.3--1.3--1.3--1.3--1.3--1.3--1.3--1.3--1.3--1.3--1.3--1.3--1.3--1.3--1.3--1.3--1.3--1.3--1.3--1.3--1.3--1.3--1.3--1.3,0.6元/度,8元/小时 (仅供参考，具体以场地方收取为准),121.362503,31.236348
10215,浦东法院(内部使用）,丁香路611号,0,40,安悦充电,专用站点,未知,,0--0--0--0--0--0--0--0--0--0--0--0--0--0--0--0--0--0--0--0--0--0--0--0,未知,停车费具体以场地方收取为准,121.551084,31.230739
10216,红石科技停车场,川路512号,0,10,安悦充电,公共站点,1.4元/度,1.4元/度,1.4--1.4--1.4--1.4--1.4--1.4--1.4--1.4--1.4--1.4--1.4--1.4--1.4--1.4--1.4--1.4--1.4--1.4--1.4--1.4--1.4--1.4--1.4--1.4,0.6元/度,10元/小时 (仅供参考，具体以场地方收取为准),121.44043,31.358682
10217,宝山法院,友谊路989号,0,12,安悦充电,专用站点,未知,,0--0--0--0--0--0--0--0--0--0--0--0--0--0--0--0--0--0--0--0--0--0--0--0,未知,停车费具体以场地方收取为准,121.476343,31.407225
10218,江桥万佛寺,金沙江西路200号,1,11,安悦充电,公共站点,0元/度,0元/度,0--0--0--0--0--0--0--0--0--0--0--0--0--0--0--0--0--0--0--0--0--0--0--0,0元/度,停车费具体以场地方收取为准,121.350613,31.250047
10219,上海材料工程学校（内部使用）,罗秀新村136号,0,3,安悦充电,专用站点,未知,,0--0--0--0--0--0--0--0--0--0--0--0--0--0--0--0--0--0--0--0--0--0--0--0,未知,停车费具体以场地方收取为准,121.452971,31.137415
10220,中星铂尔曼,浦北路1号,0,6,安悦充电,专用站点,0元/度,0元/度,0--0--0--0--0--0--0--0--0--0--0--0--0--0--0--0--0--0--0--0--0--0--0--0,0元/度,停车费具体以场地方收取为准,121.436193,31.165767
10221,迪斯尼,浦东新区黄赵路310号,0,1,安悦充电,专用站点,0元/度,0元/度,0--0--0--0--0--0--0--0--0--0--0--0--0--0--0--0--0--0--0--0--0--0--0--0,0元/度,停车费具体以场地方收取为准,121.670879,31.146021
10222,地质大厦,灵石路930号,0,13,安悦充电,公共站点,1.196元/度,1.196元/度,1.196--1.196--1.196--1.196--1.196--1.196--1.196--1.196--1.196--1.196--1.196--1.196--1.196--1.196--1.196--1.196--1.196--1.196--1.196--1.196--1.196--1.196--1.196--1.196,0.6元/度,停车费具体以场地方收取为准,121.437592,31.281463
10223,上海地矿院（环镇南路）,环镇南路522号,1,16,安悦充电,公共站点,1.196元/度,1.196元/度,1.196--1.196--1.196--1.196--1.196--1.196--1.196--1.196--1.196--1.196--1.196--1.196--1.196--1.196--1.196--1.196--1.196--1.196--1.196--1.196--1.196--1.196--1.196--1.196,0.6元/度,停车费具体以场地方收取为准,121.408678,31.30059
10224,大宁二期,万荣路700号,0,20,安悦充电,公共站点,1.35元/度,1.35元/度,1.35--1.35--1.35--1.35--1.35--1.35--1.35--1.35--1.35--1.35--1.35--1.35--1.35--1.35--1.35--1.35--1.35--1.35--1.35--1.35--1.35--1.35--1.35--1.35,0.6元/度,8元/小时 (仅供参考，具体以场地方收取为准),121.449119,31.288436
10225,大宁二期e享天开,万荣路700号,0,2,安悦充电,专用站点,0元/度,0元/度,0--0--0--0--0--0--0--0--0--0--0--0--0--0--0--0--0--0--0--0--0--0--0--0,0元/度,停车费具体以场地方收取为准,121.44902,31.288564
10226,安吉黄帽子（水产西路店）,水产西路517号,0,1,安悦充电,专用站点,0元/度,0元/度,0--0--0--0--0--0--0--0--0--0--0--0--0--0--0--0--0--0--0--0--0--0--0--0,0元/度,停车费具体以场地方收取为准,121.427386,31.364272
10227,车享家通南路,通南路227号,0,1,安悦充电,专用站点,0元/度,0元/度,0--0--0--0--0--0--0--0--0--0--0--0--0--0--0--0--0--0--0--0--0--0--0--0,0元/度,停车费具体以场地方收取为准,121.480221,31.34346
10228,车享家银山路,银山路179号,0,1,安悦充电,专用站点,0元/度,0元/度,0--0--0--0--0--0--0--0--0--0--0--0--0--0--0--0--0--0--0--0--0--0--0--0,0元/度,停车费具体以场地方收取为准,121.586347,31.250088
10229,婚纱产业园,军工路1436号,0,6,安悦充电,公共站点,1.45元/度,1.45元/度,1.45--1.45--1.45--1.45--1.45--1.45--1.45--1.45--1.45--1.45--1.45--1.45--1.45--1.45--1.45--1.45--1.45--1.45--1.45--1.45--1.45--1.45--1.45--1.45,0.6元/度,5元/小时 (仅供参考，具体以场地方收取为准),121.552477,31.314505
10230,婚纱产业园e享天开,军工路1436号,0,5,安悦充电,专用站点,0元/度,0元/度,0--0--0--0--0--0--0--0--0--0--0--0--0--0--0--0--0--0--0--0--0--0--0--0,0元/度,停车费具体以场地方收取为准,121.552486,31.314513
10231,延锋汽车饰件,柳州路399号,0,42,安悦充电,专用站点,1元/度,1元/度,1--1--1--1--1--1--1--1--1--1--1--1--1--1--1--1--1--1--1--1--1--1--1--1,0.5元/度,停车费具体以场地方收取为准,121.432114,31.172667
10232,大宁三期,灵石路718号,0,120,安悦充电,公共站点,1.35元/度,1.35元/度,1.35--1.35--1.35--1.35--1.35--1.35--1.35--1.35--1.35--1.35--1.35--1.35--1.35--1.35--1.35--1.35--1.35--1.35--1.35--1.35--1.35--1.35--1.35--1.35,0.6元/度,7元/小时 (仅供参考，具体以场地方收取为准),121.444506,31.288406
10233,上汽贸易浦东新区,龙阳路158临,0,2,安悦充电,专用站点,未知,,0--0--0--0--0--0--0--0--0--0--0--0--0--0--0--0--0--0--0--0--0--0--0--0,未知,停车费具体以场地方收取为准,121.518094,31.208068
10234,华建机械厂,衡安路1058号,0,10,安悦充电,专用站点,0元/度,0元/度,0--0--0--0--0--0--0--0--0--0--0--0--0--0--0--0--0--0--0--0--0--0--0--0,0.5元/度,停车费具体以场地方收取为准,121.595614,31.323916
10235,富荟广场,樱花路100号,0,63,安悦充电,公共站点,1.3元/度,1.3元/度,1.3--1.3--1.3--1.3--1.3--1.3--1.3--1.3--1.3--1.3--1.3--1.3--1.3--1.3--1.3--1.3--1.3--1.3--1.3--1.3--1.3--1.3--1.3--1.3,0.6元/度,8元/小时，关注商场公众号，任意消费免停4小时（具体以商场信息为准）,121.551892,31.210912
10236,上海市军事体育俱乐部停车场,新同心路318号,0,3,安悦充电,公共站点,1.5元/度,1.5元/度,1.5--1.5--1.5--1.5--1.5--1.5--1.5--1.5--1.5--1.5--1.5--1.5--1.5--1.5--1.5--1.5--1.5--1.5--1.5--1.5--1.5--1.5--1.5--1.5,0.6元/度,5元/小时 (仅供参考，具体以场地方收取为准),121.474997,31.284566
10237,立信会计学院徐汇校区（内部使用）,中山西路2230号,0,5,安悦充电,专用站点,0.64元/度,0.64元/度,0.64--0.64--0.64--0.64--0.64--0.64--0.64--0.64--0.64--0.64--0.64--0.64--0.64--0.64--0.64--0.64--0.64--0.64--0.64--0.64--0.64--0.64--0.64--0.64,0.4元/度,停车费具体以场地方收取为准,121.435292,31.187915
10238,立信会计学院徐汇校区e享天开,中山西路2230号,0,2,安悦充电,专用站点,0元/度,0元/度,0--0--0--0--0--0--0--0--0--0--0--0--0--0--0--0--0--0--0--0--0--0--0--0,0元/度,停车费具体以场地方收取为准,121.435478,31.18788
10239,立信会计学院松江校区（内部使用）,文翔路2800号,0,12,安悦充电,专用站点,0.64元/度,0.64元/度,0.64--0.64--0.64--0.64--0.64--0.64--0.64--0.64--0.64--0.64--0.64--0.64--0.64--0.64--0.64--0.64--0.64--0.64--0.64--0.64--0.64--0.64--0.64--0.64,0.4元/度,停车费具体以场地方收取为准,121.204957,31.052432
10240,立信会计学院松江校区e享天开,文翔路2800号,0,12,安悦充电,专用站点,0元/度,0元/度,0--0--0--0--0--0--0--0--0--0--0--0--0--0--0--0--0--0--0--0--0--0--0--0,0元/度,停车费具体以场地方收取为准,121.204987,31.052412
10241,游龙石文化科普馆,川沙新镇新春路20号,1,12,安悦充电,公共站点,1.25元/度,1.25元/度,1.25--1.25--1.25--1.25--1.25--1.25--1.25--1.25--1.25--1.25--1.25--1.25--1.25--1.25--1.25--1.25--1.25--1.25--1.25--1.25--1.25--1.25--1.25--1.25,0.35元/度,停车费具体以场地方收取为准,121.69966,31.169476
10242,停车场项目松江九干路,九干路168号,2,0,安悦充电,公共站点,0.5元/度,0.5元/度,0.5--0.5--0.5--0.5--0.5--0.5--0.5--0.5--0.5--0.5--0.5--0.5--0.5--0.5--0.5--0.5--0.5--0.5--0.5--0.5--0.5--0.5--0.5--0.5,1.3元/度,5元/小时 (仅供参考，具体以场地方收取为准),121.297237,31.135207
10243,上海车站海关,大渡河路1709号,0,2,安悦充电,专用站点,未知,,0--0--0--0--0--0--0--0--0--0--0--0--0--0--0--0--0--0--0--0--0--0--0--0,未知,停车费具体以场地方收取为准,121.404336,31.255665
10244,大川公路格林豪泰,大川公路2728号,0,3,安悦充电,公共站点,1.196元/度,1.196元/度,1.196--1.196--1.196--1.196--1.196--1.196--1.196--1.196--1.196--1.196--1.196--1.196--1.196--1.196--1.196--1.196--1.196--1.196--1.196--1.196--1.196--1.196--1.196--1.196,0.6元/度,停车费具体以场地方收取为准,121.742284,31.046562
10245,下沙集贸市场,下沙西街181号,0,3,安悦充电,公共站点,1.2元/度,1.2元/度,1.2--1.2--1.2--1.2--1.2--1.2--1.2--1.2--1.2--1.2--1.2--1.2--1.2--1.2--1.2--1.2--1.2--1.2--1.2--1.2--1.2--1.2--1.2--1.2,0.6元/度,停车费具体以场地方收取为准,121.594094,31.056704
10246,上汽销武康路项目,武康路390号,0,1,安悦充电,专用站点,未知,,0--0--0--0--0--0--0--0--0--0--0--0--0--0--0--0--0--0--0--0--0--0--0--0,未知,停车费具体以场地方收取为准,121.444986,31.212089
10247,建工汇豪商务广场,吴中路51号,0,18,安悦充电,公共站点,1.521元/度,1.521元/度,1.521--1.521--1.521--1.521--1.521--1.521--1.521--1.521--1.521--1.521--1.521--1.521--1.521--1.521--1.521--1.521--1.521--1.521--1.521--1.521--1.521--1.521--1.521--1.521,0.6元/度,15分钟内免费，超过15分钟后10元/小时,121.423335,31.193586
10248,创邑幸福湾,同济路999号,0,12,安悦充电,公共站点,1.3元/度,1.3元/度,1.3--1.3--1.3--1.3--1.3--1.3--1.3--1.3--1.3--1.3--1.3--1.3--1.3--1.3--1.3--1.3--1.3--1.3--1.3--1.3--1.3--1.3--1.3--1.3,0.6元/度,3元/小时 (仅供参考，具体以场地方收取为准),121.483425,31.409656
10249,市场监督局（昌里东路）,昌里东路210号,0,2,安悦充电,专用站点,未知,,0--0--0--0--0--0--0--0--0--0--0--0--0--0--0--0--0--0--0--0--0--0--0--0,未知,停车费具体以场地方收取为准,121.515155,31.182077
10250,市场监督局（栖山路）,栖山路1025号,0,2,安悦充电,专用站点,未知,,0--0--0--0--0--0--0--0--0--0--0--0--0--0--0--0--0--0--0--0--0--0--0--0,未知,停车费具体以场地方收取为准,121.563819,31.258977
10251,市场监督局(栖山路171号),栖山路171号,0,2,安悦充电,专用站点,未知,,0--0--0--0--0--0--0--0--0--0--0--0--0--0--0--0--0--0--0--0--0--0--0--0,未知,停车费具体以场地方收取为准,121.552714,31.249809
10252,市场监督局(南曹路）,南曹路470号,0,2,安悦充电,专用站点,未知,,0--0--0--0--0--0--0--0--0--0--0--0--0--0--0--0--0--0--0--0--0--0--0--0,未知,停车费具体以场地方收取为准,121.665516,31.20616
10253,上海帝Z丽致大酒店,闵行区虹莘路3988号,0,2,安悦充电,公共站点,1.166元/度,1.166元/度,1.166--1.166--1.166--1.166--1.166--1.166--1.166--1.166--1.166--1.166--1.166--1.166--1.166--1.166--1.166--1.166--1.166--1.166--1.166--1.166--1.166--1.166--1.166--1.166,0.5元/度,停车费具体以场地方收取为准,121.378924,31.175125
10254,市场监督局（环湖西三路）,环湖西三路869号,0,2,安悦充电,专用站点,未知,,0--0--0--0--0--0--0--0--0--0--0--0--0--0--0--0--0--0--0--0--0--0--0--0,未知,停车费具体以场地方收取为准,121.922555,30.905041
10255,市场监督局（华夏东路）,华夏东路2378号,0,2,安悦充电,专用站点,未知,,0--0--0--0--0--0--0--0--0--0--0--0--0--0--0--0--0--0--0--0--0--0--0--0,未知,停车费具体以场地方收取为准,121.704168,31.205924
10257,城投水务半淞园路,半淞园路178号,0,1,安悦充电,专用站点,未知,,0--0--0--0--0--0--0--0--0--0--0--0--0--0--0--0--0--0--0--0--0--0--0--0,未知,停车费具体以场地方收取为准,121.505292,31.211134
10258,城投水务瞿溪路,瞿溪路905号,0,1,安悦充电,专用站点,未知,,0--0--0--0--0--0--0--0--0--0--0--0--0--0--0--0--0--0--0--0--0--0--0--0,未知,停车费具体以场地方收取为准,121.485238,31.206088
10259,城投水务新闸路,新闸路426号,0,2,安悦充电,专用站点,未知,,0--0--0--0--0--0--0--0--0--0--0--0--0--0--0--0--0--0--0--0--0--0--0--0,未知,停车费具体以场地方收取为准,121.472131,31.244925
10263,市场监督局（振兴街）,振兴街东首,0,1,安悦充电,专用站点,未知,,0--0--0--0--0--0--0--0--0--0--0--0--0--0--0--0--0--0--0--0--0--0--0--0,未知,停车费具体以场地方收取为准,121.766217,31.12303
10265,百联世纪购物中心,浦东新区世纪大道1217号,0,10,安悦充电,公共站点,1.4元/度,1.4元/度,1.4--1.4--1.4--1.4--1.4--1.4--1.4--1.4--1.4--1.4--1.4--1.4--1.4--1.4--1.4--1.4--1.4--1.4--1.4--1.4--1.4--1.4--1.4--1.4,0.6元/度,10元/小时 (仅供参考，具体以场地方收取为准),121.534474,31.235496
10266,东方康安家园,林展路278弄,0,12,安悦充电,公共站点,1元/度,1元/度,1--1--1--1--1--1--1--1--1--1--1--1--1--1--1--1--1--1--1--1--1--1--1--1,0.8元/度,5元/小时 (仅供参考，具体以场地方收取为准),121.512901,31.132806
10267,浦江镇社区卫生服务中心,浦江镇江文路681号,0,6,安悦充电,公共站点,最高1.159元/度,最高1.159元/度,0.345--0.345--0.345--0.345--0.345--0.345--0.708--0.708--1.159--1.159--1.159--0.708--0.708--0.708--0.708--0.708--0.708--0.708--1.159--1.159--1.159--0.708--0.345--0.345,0.5元/度,5元/小时 (仅供参考，具体以场地方收取为准),121.539678,31.066987
10268,苏闸停车场,北苏州路20号,0,6,安悦充电,专用站点,0元/度,0元/度,0--0--0--0--0--0--0--0--0--0--0--0--0--0--0--0--0--0--0--0--0--0--0--0,0元/度,停车费具体以场地方收取为准,121.496204,31.249993
10270,湾流青年公寓呼兰路,南藻路408号,0,9,安悦充电,公共站点,1.5元/度,1.5元/度,1.5--1.5--1.5--1.5--1.5--1.5--1.5--1.5--1.5--1.5--1.5--1.5--1.5--1.5--1.5--1.5--1.5--1.5--1.5--1.5--1.5--1.5--1.5--1.5,0.6元/度,8元/小时 (仅供参考，具体以场地方收取为准),121.437303,31.345318
10271,钻石坊,中山北路178号,0,11,安悦充电,公共站点,1.35元/度,1.35元/度,1.35--1.35--1.35--1.35--1.35--1.35--1.35--1.35--1.35--1.35--1.35--1.35--1.35--1.35--1.35--1.35--1.35--1.35--1.35--1.35--1.35--1.35--1.35--1.35,0.6元/度,10元/小时 (仅供参考，具体以场地方收取为准),121.477482,31.270904
10311,上海汽车工业大厦主楼,威海路489号,0,19,安悦充电,专用站点,0元/度,0元/度,0--0--0--0--0--0--0--0--0--0--0--0--0--0--0--0--0--0--0--0--0--0--0--0,0元/度,停车费具体以场地方收取为准,121.468799,31.23285
10312,市场监督局（东靖路）,东靖路1831号,0,3,安悦充电,专用站点,未知,,0--0--0--0--0--0--0--0--0--0--0--0--0--0--0--0--0--0--0--0--0--0--0--0,未知,停车费具体以场地方收取为准,121.614554,31.298556
10313,东华金融中心,马吉路28号,0,8,安悦充电,专用站点,1.25元/度,1.25元/度,1.25--1.25--1.25--1.25--1.25--1.25--1.25--1.25--1.25--1.25--1.25--1.25--1.25--1.25--1.25--1.25--1.25--1.25--1.25--1.25--1.25--1.25--1.25--1.25,0.5元/度,停车费具体以场地方收取为准,121.595273,31.354469
10314,沪鼎餐饮（专用站点不对外开放）,康华路317弄15号,2,0,安悦充电,专用站点,0元/度,0元/度,0--0--0--0--0--0--0--0--0--0--0--0--0--0--0--0--0--0--0--0--0--0--0--0,0元/度,停车费具体以场地方收取为准,121.525042,31.073119
10315,左中右微公交金山项目亭枫公路,亭枫公路8588弄枫泾古镇风景区牌楼停车场,0,2,安悦充电,公共站点,1.095元/度,1.095元/度,1.095--1.095--1.095--1.095--1.095--1.095--1.095--1.095--1.095--1.095--1.095--1.095--1.095--1.095--1.095--1.095--1.095--1.095--1.095--1.095--1.095--1.095--1.095--1.095,0.5元/度,停车费具体以场地方收取为准,121.021003,30.890277
10316,旺都物业,桃浦路296号,0,5,安悦充电,公共站点,1.3元/度,1.3元/度,1.3--1.3--1.3--1.3--1.3--1.3--1.3--1.3--1.3--1.3--1.3--1.3--1.3--1.3--1.3--1.3--1.3--1.3--1.3--1.3--1.3--1.3--1.3--1.3,0.6元/度,10元/小时 (仅供参考，具体以场地方收取为准),121.402014,31.266359
10317,左中右微公交金山项目枫杰路,枫泾镇枫杰路51号,0,2,安悦充电,公共站点,1.095元/度,1.095元/度,1.095--1.095--1.095--1.095--1.095--1.095--1.095--1.095--1.095--1.095--1.095--1.095--1.095--1.095--1.095--1.095--1.095--1.095--1.095--1.095--1.095--1.095--1.095--1.095,0.5元/度,停车费具体以场地方收取为准,121.027242,30.896529
10318,仙霞网球中心,虹桥路1883-1889号,0,7,安悦充电,公共站点,1.3元/度,1.3元/度,1.3--1.3--1.3--1.3--1.3--1.3--1.3--1.3--1.3--1.3--1.3--1.3--1.3--1.3--1.3--1.3--1.3--1.3--1.3--1.3--1.3--1.3--1.3--1.3,0.6元/度,10元/小时 (仅供参考，具体以场地方收取为准),121.393827,31.205281
10319,仙霞网球中心专用桩,虹桥路1883-1889号,0,1,安悦充电,专用站点,1.3元/度,1.3元/度,1.3--1.3--1.3--1.3--1.3--1.3--1.3--1.3--1.3--1.3--1.3--1.3--1.3--1.3--1.3--1.3--1.3--1.3--1.3--1.3--1.3--1.3--1.3--1.3,0.6元/度,停车费具体以场地方收取为准,121.393875,31.205225
10320,公安部第三研究所毕N路,毕N路339号,0,10,安悦充电,专用站点,未知,,0--0--0--0--0--0--0--0--0--0--0--0--0--0--0--0--0--0--0--0--0--0--0--0,未知,停车费具体以场地方收取为准,121.595159,31.190211
10321,公安部第三研究所岳阳路,岳阳路76号,0,7,安悦充电,专用站点,未知,,0--0--0--0--0--0--0--0--0--0--0--0--0--0--0--0--0--0--0--0--0--0--0--0,未知,停车费具体以场地方收取为准,121.458401,31.213306
10322,上汽培训中心,同嘉路79号,0,12,安悦充电,专用站点,1.2元/度,1.2元/度,1.2--1.2--1.2--1.2--1.2--1.2--1.2--1.2--1.2--1.2--1.2--1.2--1.2--1.2--1.2--1.2--1.2--1.2--1.2--1.2--1.2--1.2--1.2--1.2,0.5元/度,停车费具体以场地方收取为准,121.497615,31.264676
10324,金融家,上丰路1483弄,0,20,安悦充电,公共站点,0.641元/度,0.641元/度,0.641--0.641--0.641--0.641--0.641--0.641--0.641--0.641--0.641--0.641--0.641--0.641--0.641--0.641--0.641--0.641--0.641--0.641--0.641--0.641--0.641--0.641--0.641--0.641,0.6元/度,5元/小时 (仅供参考，具体以场地方收取为准),121.678027,31.245339
10325,上海体育运动学院,上海市水电路176号,0,5,安悦充电,公共站点,0.8元/度,0.8元/度,0.8--0.8--0.8--0.8--0.8--0.8--0.8--0.8--0.8--0.8--0.8--0.8--0.8--0.8--0.8--0.8--0.8--0.8--0.8--0.8--0.8--0.8--0.8--0.8,0.35元/度,停车费具体以场地方收取为准,121.479271,31.280054
10326,大麦湾工业园,航头路158弄,0,3,安悦充电,公共站点,1.2元/度,1.2元/度,1.2--1.2--1.2--1.2--1.2--1.2--1.2--1.2--1.2--1.2--1.2--1.2--1.2--1.2--1.2--1.2--1.2--1.2--1.2--1.2--1.2--1.2--1.2--1.2,0.6元/度,停车费具体以场地方收取为准,121.611068,31.042287
10328,距马科技,新灵路80号,0,14,安悦充电,公共站点,1.3元/度,1.3元/度,1.3--1.3--1.3--1.3--1.3--1.3--1.3--1.3--1.3--1.3--1.3--1.3--1.3--1.3--1.3--1.3--1.3--1.3--1.3--1.3--1.3--1.3--1.3--1.3,0.6元/度,停车费具体以场地方收取为准,121.614321,31.322998
10329,浦东法院派出法庭永宁路,永宁路110号,0,6,安悦充电,专用站点,0,0,0--0--0--0--0--0--0--0--0--0--0--0--0--0--0--0--0--0--0--0--0--0--0--0,0,停车费具体以场地方收取为准,121.619599,31.273837
10330,上海纺博大厦,澳门路128号,1,6,安悦充电,公共站点,1.4元/度,1.4元/度,1.4--1.4--1.4--1.4--1.4--1.4--1.4--1.4--1.4--1.4--1.4--1.4--1.4--1.4--1.4--1.4--1.4--1.4--1.4--1.4--1.4--1.4--1.4--1.4,0.5元/度,10元/小时 (仅供参考，具体以场地方收取为准),121.452343,31.253189
10331,淼利生态园,瓦屑镇瓦南村99号,1,3,安悦充电,公共站点,1.2元/度,1.2元/度,1.2--1.2--1.2--1.2--1.2--1.2--1.2--1.2--1.2--1.2--1.2--1.2--1.2--1.2--1.2--1.2--1.2--1.2--1.2--1.2--1.2--1.2--1.2--1.2,0.6元/度,停车费具体以场地方收取为准,121.665381,31.112279
10332,曲阳社区文化中心,中山北一路998号,0,2,安悦充电,公共站点,1.35元/度,1.35元/度,1.35--1.35--1.35--1.35--1.35--1.35--1.35--1.35--1.35--1.35--1.35--1.35--1.35--1.35--1.35--1.35--1.35--1.35--1.35--1.35--1.35--1.35--1.35--1.35,0.6元/度,5元/小时 (仅供参考，具体以场地方收取为准),121.49237,31.294196
10333,中致远凯迪拉克,颛兴东路1280弄2号,0,6,安悦充电,公共站点,1.2元/度,1.2元/度,1.2--1.2--1.2--1.2--1.2--1.2--1.2--1.2--1.2--1.2--1.2--1.2--1.2--1.2--1.2--1.2--1.2--1.2--1.2--1.2--1.2--1.2--1.2--1.2,0.6元/度,停车费具体以场地方收取为准,121.425073,31.081305
10334,复旦皇冠假日酒店,邯郸路199号,1,1,安悦充电,公共站点,1.4元/度,1.4元/度,1.4--1.4--1.4--1.4--1.4--1.4--1.4--1.4--1.4--1.4--1.4--1.4--1.4--1.4--1.4--1.4--1.4--1.4--1.4--1.4--1.4--1.4--1.4--1.4,0.6元/度,停车费具体以场地方收取为准,121.509005,31.300733
10335,复旦皇冠假日酒店e享天开,邯郸路199号,0,3,安悦充电,专用站点,0元/度,0元/度,0--0--0--0--0--0--0--0--0--0--0--0--0--0--0--0--0--0--0--0--0--0--0--0,0元/度,停车费具体以场地方收取为准,121.509069,31.300778
10336,高研院,海科路99号8号楼,0,5,安悦充电,专用站点,0元/度,0元/度,0--0--0--0--0--0--0--0--0--0--0--0--0--0--0--0--0--0--0--0--0--0--0--0,0元/度,停车费具体以场地方收取为准,121.596025,31.186622
10340,露虹修理厂,闵行区都市路666号,17,4,安悦充电,专用站点,1.3元/度,1.3元/度,1.3--1.3--1.3--1.3--1.3--1.3--1.3--1.3--1.3--1.3--1.3--1.3--1.3--1.3--1.3--1.3--1.3--1.3--1.3--1.3--1.3--1.3--1.3--1.3,0.6元/度,5元/小时 (仅供参考，具体以场地方收取为准),121.42657,31.047494
10341,虹桥P9停车场,虹桥火车站地面P9,1,9,安悦充电,专用站点,1.4元/度,1.4元/度,1.4--1.4--1.4--1.4--1.4--1.4--1.4--1.4--1.4--1.4--1.4--1.4--1.4--1.4--1.4--1.4--1.4--1.4--1.4--1.4--1.4--1.4--1.4--1.4,0.6元/度,20元/小时 (仅供参考，具体以场地方收取为准),121.323283,31.201886
10342,惠友租车德达医院点,徐乐路109号,2,0,安悦充电,专用站点,0,0,0--0--0--0--0--0--0--0--0--0--0--0--0--0--0--0--0--0--0--0--0--0--0--0,0,停车费具体以场地方收取为准,121.250984,31.177711
10343,惠友租车莘砖公路,莘砖公路258号,6,0,安悦充电,专用站点,0,0,0--0--0--0--0--0--0--0--0--0--0--0--0--0--0--0--0--0--0--0--0--0--0--0,0,停车费具体以场地方收取为准,121.332334,31.099524
10344,建工学院闵行校区,龙吴路4989号,0,4,安悦充电,专用站点,0元/度,0元/度,0--0--0--0--0--0--0--0--0--0--0--0--0--0--0--0--0--0--0--0--0--0--0--0,0.5元/度,停车费具体以场地方收取为准,121.468627,31.06836
10345,浦东法院派出庭德州路,德州路111号,0,5,安悦充电,专用站点,0,0,0--0--0--0--0--0--0--0--0--0--0--0--0--0--0--0--0--0--0--0--0--0--0--0,0,停车费具体以场地方收取为准,121.506504,31.1748
10346,锦江迪生商厦,长乐路400号,0,2,安悦充电,公共站点,1.49元/度,1.49元/度,1.49--1.49--1.49--1.49--1.49--1.49--1.49--1.49--1.49--1.49--1.49--1.49--1.49--1.49--1.49--1.49--1.49--1.49--1.49--1.49--1.49--1.49--1.49--1.49,0.6元/度,10元/小时 (仅供参考，具体以场地方收取为准),121.466099,31.226962
10347,龙神餐饮,繁安路618号,0,4,安悦充电,公共站点,1.35元/度,1.35元/度,1.35--1.35--1.35--1.35--1.35--1.35--1.35--1.35--1.35--1.35--1.35--1.35--1.35--1.35--1.35--1.35--1.35--1.35--1.35--1.35--1.35--1.35--1.35--1.35,0.6元/度,暂不收费 (仅供参考，具体以场地方收取为准),121.39734,31.075989
10348,上海科度门窗有限公司,章练塘路655号,0,6,安悦充电,公共站点,1.3元/度,1.3元/度,1.3--1.3--1.3--1.3--1.3--1.3--1.3--1.3--1.3--1.3--1.3--1.3--1.3--1.3--1.3--1.3--1.3--1.3--1.3--1.3--1.3--1.3--1.3--1.3,0.6元/度,停车费具体以场地方收取为准,121.068603,31.005942
10349,海宝示范园,沪太路4361号,0,11,安悦充电,公共站点,1.3元/度,1.3元/度,1.3--1.3--1.3--1.3--1.3--1.3--1.3--1.3--1.3--1.3--1.3--1.3--1.3--1.3--1.3--1.3--1.3--1.3--1.3--1.3--1.3--1.3--1.3--1.3,0.6元/度,停车费具体以场地方收取为准,121.403976,31.351282
10351,浦东新区精神卫生中心（源深）,源深路624号,0,5,安悦充电,公共站点,0.899元/度,0.899元/度,0.899--0.899--0.899--0.899--0.899--0.899--0.899--0.899--0.899--0.899--0.899--0.899--0.899--0.899--0.899--0.899--0.899--0.899--0.899--0.899--0.899--0.899--0.899--0.899,1元/度,10元/小时 (仅供参考，具体以场地方收取为准),121.541346,31.236496
10352,环新减震工程设备有限公司,商周公路333号,0,3,安悦充电,公共站点,1.3元/度,1.3元/度,1.3--1.3--1.3--1.3--1.3--1.3--1.3--1.3--1.3--1.3--1.3--1.3--1.3--1.3--1.3--1.3--1.3--1.3--1.3--1.3--1.3--1.3--1.3--1.3,0.6元/度,停车费具体以场地方收取为准,120.921246,31.123982
10353,位众汽车配件,商洋路88号,0,3,安悦充电,公共站点,1.3元/度,1.3元/度,1.3--1.3--1.3--1.3--1.3--1.3--1.3--1.3--1.3--1.3--1.3--1.3--1.3--1.3--1.3--1.3--1.3--1.3--1.3--1.3--1.3--1.3--1.3--1.3,0.6元/度,停车费具体以场地方收取为准,120.91908,31.127495
10354,博思大酒店e享天开,广秀路100号,0,4,安悦充电,专用站点,0元/度,0元/度,0--0--0--0--0--0--0--0--0--0--0--0--0--0--0--0--0--0--0--0--0--0--0--0,0元/度,停车费具体以场地方收取为准,121.486048,31.28604
10355,博思大酒店,广秀路100号,0,5,安悦充电,公共站点,1.2元/度,1.2元/度,1.2--1.2--1.2--1.2--1.2--1.2--1.2--1.2--1.2--1.2--1.2--1.2--1.2--1.2--1.2--1.2--1.2--1.2--1.2--1.2--1.2--1.2--1.2--1.2,0.6元/度,10元/小时 (仅供参考，具体以场地方收取为准),121.486035,31.2861
10356,上海文化广场,陕西南路225号,0,6,安悦充电,公共站点,1元/度,1元/度,1--1--1--1--1--1--1--1--1--1--1--1--1--1--1--1--1--1--1--1--1--1--1--1,0.5元/度,9元/小时 (仅供参考，具体以场地方收取为准),121.468575,31.218049
10357,上海开放大学国顺路（内部专用）,国顺路288号,0,5,安悦充电,专用站点,1.06元/度,1.06元/度,1.06--1.06--1.06--1.06--1.06--1.06--1.06--1.06--1.06--1.06--1.06--1.06--1.06--1.06--1.06--1.06--1.06--1.06--1.06--1.06--1.06--1.06--1.06--1.06,0.5元/度,4小时以内，10元/次 (仅供参考，具体以场地方收取为准),121.520115,31.298275
10359,浦东新区精神卫生中心（三林）,三林路165号,0,9,安悦充电,公共站点,0.925元/度,0.925元/度,0.925--0.925--0.925--0.925--0.925--0.925--0.925--0.925--0.925--0.925--0.925--0.925--0.925--0.925--0.925--0.925--0.925--0.925--0.925--0.925--0.925--0.925--0.925--0.925,1元/度,10元/小时 (仅供参考，具体以场地方收取为准),121.50149,31.142793
10360,上海柴油机股份有限公司,军工路2636号,0,2,安悦充电,公共站点,0元/度,0元/度,0--0--0--0--0--0--0--0--0--0--0--0--0--0--0--0--0--0--0--0--0--0--0--0,0元/度,停车费具体以场地方收取为准,121.550952,31.335872
10361,新时空商务广场,汇川路99号,0,10,安悦充电,公共站点,1.35元/度,1.35元/度,1.35--1.35--1.35--1.35--1.35--1.35--1.35--1.35--1.35--1.35--1.35--1.35--1.35--1.35--1.35--1.35--1.35--1.35--1.35--1.35--1.35--1.35--1.35--1.35,0.6元/度,10元/小时 (仅供参考，具体以场地方收取为准),121.423479,31.222905
10362,新时空商务广场e享天开,汇川路99号,0,8,安悦充电,专用站点,0元/度,0元/度,0--0--0--0--0--0--0--0--0--0--0--0--0--0--0--0--0--0--0--0--0--0--0--0,0元/度,停车费具体以场地方收取为准,121.423538,31.222935
10363,申亚瑞庭专用桩,延安西路548弄11号,0,1,安悦充电,专用站点,0元/度,0元/度,0--0--0--0--0--0--0--0--0--0--0--0--0--0--0--0--0--0--0--0--0--0--0--0,0元/度,停车费具体以场地方收取为准,121.44212,31.223407
10365,川周公路如家,川周公路4505号,0,2,安悦充电,公共站点,1.2元/度,1.2元/度,1.2--1.2--1.2--1.2--1.2--1.2--1.2--1.2--1.2--1.2--1.2--1.2--1.2--1.2--1.2--1.2--1.2--1.2--1.2--1.2--1.2--1.2--1.2--1.2,0.6元/度,10元/小时 (仅供参考，具体以场地方收取为准),121.583639,31.12574
10366,浦东法院环湖西三路,环湖西三路589号,0,6,安悦充电,专用站点,0,0,0--0--0--0--0--0--0--0--0--0--0--0--0--0--0--0--0--0--0--0--0--0--0--0,未知,停车费具体以场地方收取为准,121.922391,30.900639
10367,浦东法院华夏东路,华夏东路1458号,0,6,安悦充电,专用站点,0,0,0--0--0--0--0--0--0--0--0--0--0--0--0--0--0--0--0--0--0--0--0--0--0--0,未知,停车费具体以场地方收取为准,121.684474,31.203351
10368,浦东法院高西路,高西路600号,0,6,安悦充电,专用站点,0,0,0--0--0--0--0--0--0--0--0--0--0--0--0--0--0--0--0--0--0--0--0--0--0--0,未知,停车费具体以场地方收取为准,121.599071,31.324031
10369,外高桥海关,港建路889号,0,6,安悦充电,专用站点,0元/度,0元/度,0--0--0--0--0--0--0--0--0--0--0--0--0--0--0--0--0--0--0--0--0--0--0--0,0.5元/度,停车费具体以场地方收取为准,121.666776,31.325228
10371,浦东法院城西路,城西路255号,0,11,安悦充电,专用站点,0,0,0--0--0--0--0--0--0--0--0--0--0--0--0--0--0--0--0--0--0--0--0--0--0--0,未知,停车费具体以场地方收取为准,121.755434,31.054727
10372,浦东法院乳山路,乳山路381号,0,6,安悦充电,专用站点,0,0,0--0--0--0--0--0--0--0--0--0--0--0--0--0--0--0--0--0--0--0--0--0--0--0,未知,停车费具体以场地方收取为准,121.537721,31.245017
10375,浦东法院杨高中路,杨高中路3288号,0,6,安悦充电,专用站点,0,0,0--0--0--0--0--0--0--0--0--0--0--0--0--0--0--0--0--0--0--0--0--0--0--0,未知,停车费具体以场地方收取为准,121.547458,31.230773
10376,铭光商务中心,昭化路351号,0,3,安悦充电,公共站点,1.2元/度,1.2元/度,1.2--1.2--1.2--1.2--1.2--1.2--1.2--1.2--1.2--1.2--1.2--1.2--1.2--1.2--1.2--1.2--1.2--1.2--1.2--1.2--1.2--1.2--1.2--1.2,0.6元/度,20元/天 (仅供参考，具体以场地方收取为准),121.431364,31.21815
10377,愚园里,镇宁路465弄161号停车场进门到底左侧,0,3,安悦充电,专用站点,1.3元/度,1.3元/度,1.3--1.3--1.3--1.3--1.3--1.3--1.3--1.3--1.3--1.3--1.3--1.3--1.3--1.3--1.3--1.3--1.3--1.3--1.3--1.3--1.3--1.3--1.3--1.3,0.6元/度,停车费具体以场地方收取为准,121.43933,31.228414
10378,浦东法院浦东大道,浦东大道2750号,0,3,安悦充电,专用站点,0,0,0--0--0--0--0--0--0--0--0--0--0--0--0--0--0--0--0--0--0--0--0--0--0--0,未知,停车费具体以场地方收取为准,121.580261,31.274743
10379,盛大青春里,华夏中路958弄60号,1,24,安悦充电,公共站点,1.26元/度,1.26元/度,1.26--1.26--1.26--1.26--1.26--1.26--1.26--1.26--1.26--1.26--1.26--1.26--1.26--1.26--1.26--1.26--1.26--1.26--1.26--1.26--1.26--1.26--1.26--1.26,0.6元/度,10元/小时 (仅供参考，具体以场地方收取为准),121.610577,31.177931
10380,南湖职校,三门路661号,0,6,安悦充电,专用站点,0.61元/度,0.61元/度,0.61--0.61--0.61--0.61--0.61--0.61--0.61--0.61--0.61--0.61--0.61--0.61--0.61--0.61--0.61--0.61--0.61--0.61--0.61--0.61--0.61--0.61--0.61--0.61,0.5元/度,停车费具体以场地方收取为准,121.491593,31.317659
10381,浦东法院繁荣路,繁荣路380号,0,5,安悦充电,专用站点,0,0,0--0--0--0--0--0--0--0--0--0--0--0--0--0--0--0--0--0--0--0--0--0--0--0,未知,停车费具体以场地方收取为准,121.577358,31.110284
10383,车站海关（海关监督处）,政仁路81号,0,1,安悦充电,专用站点,0,0,0--0--0--0--0--0--0--0--0--0--0--0--0--0--0--0--0--0--0--0--0--0--0--0,未知,停车费具体以场地方收取为准,121.524446,31.292848
10384,共康智选假日酒店,南藻路10号,0,3,安悦充电,专用站点,0,0,0--0--0--0--0--0--0--0--0--0--0--0--0--0--0--0--0--0--0--0--0--0--0--0,未知,停车费具体以场地方收取为准,121.444112,31.343245
10385,长宁妇幼保健院停车场,武夷路773号,0,2,安悦充电,公共站点,0.894元/度,0.894元/度,0.894--0.894--0.894--0.894--0.894--0.894--0.894--0.894--0.894--0.894--0.894--0.894--0.894--0.894--0.894--0.894--0.894--0.894--0.894--0.894--0.894--0.894--0.894--0.894,0.6元/度,5元/小时 (仅供参考，具体以场地方收取为准),121.421064,31.21891
10386,首创旭辉城一期,嘉定区汇源路518弄,0,39,安悦充电,公共站点,0.64元/度,0.64元/度,0.64--0.64--0.64--0.64--0.64--0.64--0.64--0.64--0.64--0.64--0.64--0.64--0.64--0.64--0.64--0.64--0.64--0.64--0.64--0.64--0.64--0.64--0.64--0.64,0.6元/度,5元/小时 (仅供参考，具体以场地方收取为准),121.20672,31.419903
10387,柳营灯具城,柳营路125号,0,20,安悦充电,公共站点,1.25元/度,1.25元/度,1.25--1.25--1.25--1.25--1.25--1.25--1.25--1.25--1.25--1.25--1.25--1.25--1.25--1.25--1.25--1.25--1.25--1.25--1.25--1.25--1.25--1.25--1.25--1.25,0.5元/度,8元/小时 (仅供参考，具体以场地方收取为准),121.474794,31.277778
10388,中信五牛城,浦东大道1089号,1,12,安悦充电,公共站点,1.5元/度,1.5元/度,1.5--1.5--1.5--1.5--1.5--1.5--1.5--1.5--1.5--1.5--1.5--1.5--1.5--1.5--1.5--1.5--1.5--1.5--1.5--1.5--1.5--1.5--1.5--1.5,0.5元/度,10元/小时 (仅供参考，具体以场地方收取为准),121.537692,31.247847
10389,上海奥富特电机有限公司,青浦区练西公路2646号,0,3,安悦充电,公共站点,1.3元/度,1.3元/度,1.3--1.3--1.3--1.3--1.3--1.3--1.3--1.3--1.3--1.3--1.3--1.3--1.3--1.3--1.3--1.3--1.3--1.3--1.3--1.3--1.3--1.3--1.3--1.3,0.6元/度,停车费具体以场地方收取为准,120.990291,31.056749
10390,德悦苑,德悦路501弄,0,39,安悦充电,公共站点,0.7元/度,0.7元/度,0.7--0.7--0.7--0.7--0.7--0.7--0.7--0.7--0.7--0.7--0.7--0.7--0.7--0.7--0.7--0.7--0.7--0.7--0.7--0.7--0.7--0.7--0.7--0.7,0.6元/度,5元/小时 (仅供参考，具体以场地方收取为准),121.259674,31.105346
10392,朱家角古镇,上海市青浦区港周路35号,1,0,安悦充电,公共站点,0.5元/度,0.5元/度,0.5--0.5--0.5--0.5--0.5--0.5--0.5--0.5--0.5--0.5--0.5--0.5--0.5--0.5--0.5--0.5--0.5--0.5--0.5--0.5--0.5--0.5--0.5--0.5,1.3元/度,停车费具体以场地方收取为准,121.068375,31.121112
10393,申通快递停车场,宝山沪太路5008号,2,0,安悦充电,专用站点,0元/度,0元/度,0--0--0--0--0--0--0--0--0--0--0--0--0--0--0--0--0--0--0--0--0--0--0--0,0元/度,停车费具体以场地方收取为准,121.388165,31.35625
10394,华虹创新园,浦东新区金豫路885号,4,84,安悦充电,公共站点,1.51元/度,1.51元/度,1.51--1.51--1.51--1.51--1.51--1.51--1.51--1.51--1.51--1.51--1.51--1.51--1.51--1.51--1.51--1.51--1.51--1.51--1.51--1.51--1.51--1.51--1.51--1.51,0.5元/度,10元/小时 (仅供参考，具体以场地方收取为准),121.629938,31.248014
10395,华域汽车（仅限内部使用）,金闻路88号,1,12,安悦充电,专用站点,1元/度,1元/度,1--1--1--1--1--1--1--1--1--1--1--1--1--1--1--1--1--1--1--1--1--1--1--1,0.5元/度,停车费具体以场地方收取为准,121.781834,31.116676
10396,上海师范大学附属第二实验学校,南石二路50号,0,3,安悦充电,专用站点,0,0,0--0--0--0--0--0--0--0--0--0--0--0--0--0--0--0--0--0--0--0--0--0--0--0,未知,停车费具体以场地方收取为准,121.405178,31.256418
10398,新晃空调,三详路518号,0,10,安悦充电,专用站点,1.1元/度,1.1元/度,1.1--1.1--1.1--1.1--1.1--1.1--1.1--1.1--1.1--1.1--1.1--1.1--1.1--1.1--1.1--1.1--1.1--1.1--1.1--1.1--1.1--1.1--1.1--1.1,0.5元/度,停车费具体以场地方收取为准,121.257925,31.136594
10400,新凯家园一期,古楼公路1858弄,0,36,安悦充电,公共站点,0.641元/度,0.641元/度,0.641--0.641--0.641--0.641--0.641--0.641--0.641--0.641--0.641--0.641--0.641--0.641--0.641--0.641--0.641--0.641--0.641--0.641--0.641--0.641--0.641--0.641--0.641--0.641,0.6元/度,5元/小时 (仅供参考，具体以场地方收取为准),121.240592,31.110387
10401,联富服装城,河南北路99号,0,9,安悦充电,公共站点,1.2元/度,1.2元/度,1.2--1.2--1.2--1.2--1.2--1.2--1.2--1.2--1.2--1.2--1.2--1.2--1.2--1.2--1.2--1.2--1.2--1.2--1.2--1.2--1.2--1.2--1.2--1.2,0.6元/度,9元/小时 (仅供参考，具体以场地方收取为准),121.48827,31.250151
10403,张江药谷,浦东新区蔡伦路720号,0,5,安悦充电,专用站点,0元/度,0元/度,0--0--0--0--0--0--0--0--0--0--0--0--0--0--0--0--0--0--0--0--0--0--0--0,0元/度,停车费具体以场地方收取为准,121.614615,31.200418
10405,森林湾大厦,海宁路307号地下车库,0,18,安悦充电,公共站点,1.25元/度,1.25元/度,1.25--1.25--1.25--1.25--1.25--1.25--1.25--1.25--1.25--1.25--1.25--1.25--1.25--1.25--1.25--1.25--1.25--1.25--1.25--1.25--1.25--1.25--1.25--1.25,0.5元/度,停车费0.5小时内不算，满0.5小时开始计算，每半小时4.5元，24小时最高80元,121.494143,31.256652
10406,张江康桥,康桥秀浦路2500弄,0,8,安悦充电,专用站点,0元/度,0元/度,0--0--0--0--0--0--0--0--0--0--0--0--0--0--0--0--0--0--0--0--0--0--0--0,0元/度,停车费具体以场地方收取为准,121.613743,31.134408
10407,一百杉杉大厦,东方路985号,0,3,安悦充电,公共站点,1.3元/度,1.3元/度,1.3--1.3--1.3--1.3--1.3--1.3--1.3--1.3--1.3--1.3--1.3--1.3--1.3--1.3--1.3--1.3--1.3--1.3--1.3--1.3--1.3--1.3--1.3--1.3,0.6元/度,停车费具体以场地方收取为准,121.535806,31.227921
10408,浦东机场,启航路900号,0,12,安悦充电,专用站点,0元/度,0元/度,0--0--0--0--0--0--0--0--0--0--0--0--0--0--0--0--0--0--0--0--0--0--0--0,0元/度,停车费具体以场地方收取为准,121.810094,31.158513
10409,大自鸣钟,普陀区长寿路189弄,1,21,安悦充电,公共站点,1.25元/度,1.25元/度,1.25--1.25--1.25--1.25--1.25--1.25--1.25--1.25--1.25--1.25--1.25--1.25--1.25--1.25--1.25--1.25--1.25--1.25--1.25--1.25--1.25--1.25--1.25--1.25,0.6元/度,10元/小时 (仅供参考，具体以场地方收取为准),121.446699,31.248469
10410,上海市东海老年医院,三三公路5020弄8号,1,6,安悦充电,公共站点,0.85元/度,0.85元/度,0.85--0.85--0.85--0.85--0.85--0.85--0.85--0.85--0.85--0.85--0.85--0.85--0.85--0.85--0.85--0.85--0.85--0.85--0.85--0.85--0.85--0.85--0.85--0.85,0.65元/度,不收停车费 (仅供参考，具体以场地方收取为准),121.912488,30.958108
10411,上海莲盛泵业有限公司,青浦区练西公路2646号大门左侧,0,5,安悦充电,公共站点,1.3元/度,1.3元/度,1.3--1.3--1.3--1.3--1.3--1.3--1.3--1.3--1.3--1.3--1.3--1.3--1.3--1.3--1.3--1.3--1.3--1.3--1.3--1.3--1.3--1.3--1.3--1.3,0.6元/度,停车费具体以场地方收取为准,120.997888,31.053608
10412,张江国创中心,丹桂路799号,0,5,安悦充电,专用站点,0元/度,0元/度,0--0--0--0--0--0--0--0--0--0--0--0--0--0--0--0--0--0--0--0--0--0--0--0,0元/度,停车费具体以场地方收取为准,121.634,31.225176
10413,中检大厦,黄浦区中华路567号,2,37,安悦充电,公共站点,1.2元/度,1.2元/度,1.2--1.2--1.2--1.2--1.2--1.2--1.2--1.2--1.2--1.2--1.2--1.2--1.2--1.2--1.2--1.2--1.2--1.2--1.2--1.2--1.2--1.2--1.2--1.2,0.5元/度,10元/时（仅供参考，具体以场地方收取为准）,121.504528,31.222151
10414,大宁小城,广中西路666号,2,20,安悦充电,公共站点,1.45元/度,1.45元/度,1.45--1.45--1.45--1.45--1.45--1.45--1.45--1.45--1.45--1.45--1.45--1.45--1.45--1.45--1.45--1.45--1.45--1.45--1.45--1.45--1.45--1.45--1.45--1.45,0.6元/度,10元/小时 (仅供参考，具体以场地方收取为准),121.444493,31.282074
10416,榕辉大厦,汶水东路29号,1,7,安悦充电,公共站点,1.4元/度,1.4元/度,1.4--1.4--1.4--1.4--1.4--1.4--1.4--1.4--1.4--1.4--1.4--1.4--1.4--1.4--1.4--1.4--1.4--1.4--1.4--1.4--1.4--1.4--1.4--1.4,0.6元/度,10元/小时 (仅供参考，具体以场地方收取为准),121.495199,31.298833
10419,融汇898创意园,灵山路958号,1,9,安悦充电,公共站点,1.2元/度,1.2元/度,1.2--1.2--1.2--1.2--1.2--1.2--1.2--1.2--1.2--1.2--1.2--1.2--1.2--1.2--1.2--1.2--1.2--1.2--1.2--1.2--1.2--1.2--1.2--1.2,0.6元/度,10元/小时 (仅供参考，具体以场地方收取为准),121.560666,31.23949
10420,上海市教委技术装备中心,和田路151号,0,3,安悦充电,专用站点,0元/度,0元/度,0--0--0--0--0--0--0--0--0--0--0--0--0--0--0--0--0--0--0--0--0--0--0--0,0元/度,停车费具体以场地方收取为准,121.469817,31.270423
10421,登云苑,德悦路375弄,0,22,安悦充电,公共站点,0.7元/度,0.7元/度,0.7--0.7--0.7--0.7--0.7--0.7--0.7--0.7--0.7--0.7--0.7--0.7--0.7--0.7--0.7--0.7--0.7--0.7--0.7--0.7--0.7--0.7--0.7--0.7,0.6元/度,5元/小时 (仅供参考，具体以场地方收取为准),121.262508,31.105949
10422,德宁苑,德宁路89弄,0,21,安悦充电,公共站点,0.7元/度,0.7元/度,0.7--0.7--0.7--0.7--0.7--0.7--0.7--0.7--0.7--0.7--0.7--0.7--0.7--0.7--0.7--0.7--0.7--0.7--0.7--0.7--0.7--0.7--0.7--0.7,0.6元/度,5元/小时 (仅供参考，具体以场地方收取为准),121.258893,31.10569
10424,雅居乐万豪,黄浦区西藏中路555号,0,30,安悦充电,公共站点,1.5元/度,1.5元/度,1.5--1.5--1.5--1.5--1.5--1.5--1.5--1.5--1.5--1.5--1.5--1.5--1.5--1.5--1.5--1.5--1.5--1.5--1.5--1.5--1.5--1.5--1.5--1.5,0.6元/度,20元/小时 (仅供参考，具体以场地方收取为准),121.480132,31.242394
10425,上海京剧院,天钥桥路1198号,0,5,安悦充电,公共站点,1.2元/度,1.2元/度,1.2--1.2--1.2--1.2--1.2--1.2--1.2--1.2--1.2--1.2--1.2--1.2--1.2--1.2--1.2--1.2--1.2--1.2--1.2--1.2--1.2--1.2--1.2--1.2,0.5元/度,10元/小时 (仅供参考，具体以场地方收取为准),121.454032,31.180921
10426,南翔动漫城,上海市嘉定区顺达路938号,2,48,安悦充电,公共站点,1.2元/度,1.2元/度,1.2--1.2--1.2--1.2--1.2--1.2--1.2--1.2--1.2--1.2--1.2--1.2--1.2--1.2--1.2--1.2--1.2--1.2--1.2--1.2--1.2--1.2--1.2--1.2,0.5元/度,停车费具体以场地方收取为准,121.332552,31.327503
10427,金外滩,中山南路100号,0,20,安悦充电,公共站点,1.3元/度,1.3元/度,1.3--1.3--1.3--1.3--1.3--1.3--1.3--1.3--1.3--1.3--1.3--1.3--1.3--1.3--1.3--1.3--1.3--1.3--1.3--1.3--1.3--1.3--1.3--1.3,0.6元/度,10元/小时 (仅供参考，具体以场地方收取为准),121.506292,31.22934
10428,联民路个人,联民路777弄192号,0,1,安悦充电,专用站点,0,0,0--0--0--0--0--0--0--0--0--0--0--0--0--0--0--0--0--0--0--0--0--0--0--0,未知,停车费具体以场地方收取为准,121.282972,31.167734
10429,东方慧谷二期,宝安公路2999弄,1,55,安悦充电,公共站点,1.095元/度,1.095元/度,1.095--1.095--1.095--1.095--1.095--1.095--1.095--1.095--1.095--1.095--1.095--1.095--1.095--1.095--1.095--1.095--1.095--1.095--1.095--1.095--1.095--1.095--1.095--1.095,0.6元/度,3元/小时 (仅供参考，具体以场地方收取为准),121.29839,31.339456
10430,信息科技大厦,杨浦区控江路1555号,0,9,安悦充电,公共站点,1.35元/度,1.35元/度,1.35--1.35--1.35--1.35--1.35--1.35--1.35--1.35--1.35--1.35--1.35--1.35--1.35--1.35--1.35--1.35--1.35--1.35--1.35--1.35--1.35--1.35--1.35--1.35,0.6元/度,停车收费为早上8点到晚上6点，20元。晚上6点到第二天早上8点，15元。,121.525266,31.280811
10432,美兰湖157号车位,美丹路18弄一期地下车库157号车位,0,1,安悦充电,专用站点,0元/度,0元/度,0--0--0--0--0--0--0--0--0--0--0--0--0--0--0--0--0--0--0--0--0--0--0--0,0元/度,停车费具体以场地方收取为准,121.359482,31.412549
10434,青庭新地置业,闵行区申滨南路1226号,0,5,安悦充电,公共站点,1.25元/度,1.25元/度,1.25--1.25--1.25--1.25--1.25--1.25--1.25--1.25--1.25--1.25--1.25--1.25--1.25--1.25--1.25--1.25--1.25--1.25--1.25--1.25--1.25--1.25--1.25--1.25,0.6元/度,10元/小时 (仅供参考，具体以场地方收取为准),121.317374,31.19935
10436,大宁四期,静安区广中西路699号,0,55,安悦充电,公共站点,1.5元/度,1.5元/度,1.5--1.5--1.5--1.5--1.5--1.5--1.5--1.5--1.5--1.5--1.5--1.5--1.5--1.5--1.5--1.5--1.5--1.5--1.5--1.5--1.5--1.5--1.5--1.5,0.6元/度,10元/小时 (仅供参考，具体以场地方收取为准),121.447396,31.284454
10438,上汽贸易普陀站点,怒江北路465号,0,1,安悦充电,专用站点,0,0,0--0--0--0--0--0--0--0--0--0--0--0--0--0--0--0--0--0--0--0--0--0--0--0,未知,停车费具体以场地方收取为准,121.393935,31.241736
10439,合生国际广场,杨浦区翔殷路1099号,0,74,安悦充电,公共站点,1.25元/度,1.25元/度,1.25--1.25--1.25--1.25--1.25--1.25--1.25--1.25--1.25--1.25--1.25--1.25--1.25--1.25--1.25--1.25--1.25--1.25--1.25--1.25--1.25--1.25--1.25--1.25,0.75元/度,15元/小时 (仅供参考，具体以场地方收取为准),121.525026,31.306333
10441,新天地SOHO复兴广场,马当路388号,0,59,安悦充电,公共站点,1.25元/度,1.25元/度,1.25--1.25--1.25--1.25--1.25--1.25--1.25--1.25--1.25--1.25--1.25--1.25--1.25--1.25--1.25--1.25--1.25--1.25--1.25--1.25--1.25--1.25--1.25--1.25,0.6元/度,9元/小时 (仅供参考，具体以场地方收取为准),121.481052,31.221143
10442,山崎马扎克（仅限内部使用）,金都路5131号,0,6,安悦充电,专用站点,1.16元/度,1.16元/度,1.16--1.16--1.16--1.16--1.16--1.16--1.16--1.16--1.16--1.16--1.16--1.16--1.16--1.16--1.16--1.16--1.16--1.16--1.16--1.16--1.16--1.16--1.16--1.16,0.5元/度,停车费具体以场地方收取为准,121.37245,31.076949
10443,东方慧谷一期,宝安公路2999弄,1,45,安悦充电,公共站点,1.095元/度,1.095元/度,1.095--1.095--1.095--1.095--1.095--1.095--1.095--1.095--1.095--1.095--1.095--1.095--1.095--1.095--1.095--1.095--1.095--1.095--1.095--1.095--1.095--1.095--1.095--1.095,0.6元/度,3元/小时 (仅供参考，具体以场地方收取为准),121.298289,31.33946
10444,紫薇茗庭,王家厍路55弄,0,39,安悦充电,公共站点,0.7元/度,0.7元/度,0.7--0.7--0.7--0.7--0.7--0.7--0.7--0.7--0.7--0.7--0.7--0.7--0.7--0.7--0.7--0.7--0.7--0.7--0.7--0.7--0.7--0.7--0.7--0.7,0.6元/度,5元/小时 (仅供参考，具体以场地方收取为准),121.254618,31.098473
10445,嘉乐园大厦,环城路2222号地下停车场,4,41,安悦充电,公共站点,1.35元/度,1.35元/度,1.35--1.35--1.35--1.35--1.35--1.35--1.35--1.35--1.35--1.35--1.35--1.35--1.35--1.35--1.35--1.35--1.35--1.35--1.35--1.35--1.35--1.35--1.35--1.35,0.6元/度,6元/小时 (仅供参考，具体以场地方收取为准),121.246078,31.391815
10446,仁育苑,泗滨路666弄,0,26,安悦充电,公共站点,0.7元/度,0.7元/度,0.7--0.7--0.7--0.7--0.7--0.7--0.7--0.7--0.7--0.7--0.7--0.7--0.7--0.7--0.7--0.7--0.7--0.7--0.7--0.7--0.7--0.7--0.7--0.7,0.6元/度,5元/小时 (仅供参考，具体以场地方收取为准),121.257587,31.110128
10447,吴泾医院,龙吴路5559号,0,6,安悦充电,公共站点,1.2元/度,1.2元/度,1.2--1.2--1.2--1.2--1.2--1.2--1.2--1.2--1.2--1.2--1.2--1.2--1.2--1.2--1.2--1.2--1.2--1.2--1.2--1.2--1.2--1.2--1.2--1.2,0.6元/度,10元/小时 (仅供参考，具体以场地方收取为准),121.474312,31.047406
10448,泗滨苑,泗滨路501弄,0,20,安悦充电,公共站点,0.7元/度,0.7元/度,0.7--0.7--0.7--0.7--0.7--0.7--0.7--0.7--0.7--0.7--0.7--0.7--0.7--0.7--0.7--0.7--0.7--0.7--0.7--0.7--0.7--0.7--0.7--0.7,0.6元/度,5元/小时 (仅供参考，具体以场地方收取为准),121.260051,31.107997
10449,上海市政工程设计总院,中山北二路901号,0,8,安悦充电,公共站点,0.8元/度,0.8元/度,0.8--0.8--0.8--0.8--0.8--0.8--0.8--0.8--0.8--0.8--0.8--0.8--0.8--0.8--0.8--0.8--0.8--0.8--0.8--0.8--0.8--0.8--0.8--0.8,0.5元/度,10元/小时 (仅供参考，具体以场地方收取为准),121.513748,31.291765
10423,东方绿舟,沪青平公路6888号,0,3,安悦充电,专用站点,0,0,0--0--0--0--0--0--0--0--0--0--0--0--0--0--0--0--0--0--0--0--0--0--0--0,未知,停车费具体以场地方收取为准,121.015977,31.10787
10452,上海汽车工业大厦综合楼,威海路489号,0,20,安悦充电,专用站点,0元/度,0元/度,0--0--0--0--0--0--0--0--0--0--0--0--0--0--0--0--0--0--0--0--0--0--0--0,0元/度,停车费具体以场地方收取为准,121.468799,31.23298
10455,一百杉杉大厦e享天开,东方路985号,0,3,安悦充电,专用站点,0元/度,0元/度,0--0--0--0--0--0--0--0--0--0--0--0--0--0--0--0--0--0--0--0--0--0--0--0,0元/度,停车费具体以场地方收取为准,121.535806,31.227921
10457,我格广场,武宁路99号,0,6,安悦充电,专用站点,0元/度,0元/度,0--0--0--0--0--0--0--0--0--0--0--0--0--0--0--0--0--0--0--0--0--0--0--0,0元/度,停车费具体以场地方收取为准,121.429648,31.244098
10459,金贝大酒店,渔港路649弄1号,0,5,安悦充电,公共站点,1.2元/度,1.2元/度,1.2--1.2--1.2--1.2--1.2--1.2--1.2--1.2--1.2--1.2--1.2--1.2--1.2--1.2--1.2--1.2--1.2--1.2--1.2--1.2--1.2--1.2--1.2--1.2,0.6元/度,停车费具体以场地方收取为准,121.858333,30.864375
10461,金门广场,金皖路389号,0,7,安悦充电,公共站点,1.2元/度,1.2元/度,1.2--1.2--1.2--1.2--1.2--1.2--1.2--1.2--1.2--1.2--1.2--1.2--1.2--1.2--1.2--1.2--1.2--1.2--1.2--1.2--1.2--1.2--1.2--1.2,0.6元/度,5元/小时 (仅供参考，具体以场地方收取为准),121.625938,31.261466
10462,金门广场e享天开,金皖路389号,0,3,安悦充电,专用站点,0元/度,0元/度,0--0--0--0--0--0--0--0--0--0--0--0--0--0--0--0--0--0--0--0--0--0--0--0,0元/度,停车费具体以场地方收取为准,121.626277,31.261145
10463,上海金山巴士金一路,金山区金一路31号,28,0,安悦充电,专用站点,0元/度,0元/度,0--0--0--0--0--0--0--0--0--0--0--0--0--0--0--0--0--0--0--0--0--0--0--0,0元/度,0元/小时（仅供参考，具体以场地方收取为准）,121.338999,30.717805
10464,马桥社区卫生中心景城分中心站点,银春路2030号,0,4,安悦充电,专用站点,0,0,0--0--0--0--0--0--0--0--0--0--0--0--0--0--0--0--0--0--0--0--0--0--0--0,应收1元/度，实收0元/度,5元/小时 (仅供参考，具体以场地方收取为准),121.396684,31.031912
10465,大宁总部,万荣路373号,0,6,安悦充电,专用站点,1.45元/度,1.45元/度,1.45--1.45--1.45--1.45--1.45--1.45--1.45--1.45--1.45--1.45--1.45--1.45--1.45--1.45--1.45--1.45--1.45--1.45--1.45--1.45--1.45--1.45--1.45--1.45,0.4元/度,停车费具体以场地方收取为准,121.45194,31.278757
10466,外滩中心,延安东路222号,0,6,安悦充电,公共站点,1.25元/度,1.25元/度,1.25--1.25--1.25--1.25--1.25--1.25--1.25--1.25--1.25--1.25--1.25--1.25--1.25--1.25--1.25--1.25--1.25--1.25--1.25--1.25--1.25--1.25--1.25--1.25,0.5元/度,10元/小时 (仅供参考，具体以场地方收取为准),121.494224,31.238084
10467,上海申沃客车,闵行区光中路18号,7,0,安悦充电,专用站点,0元/度,0元/度,0--0--0--0--0--0--0--0--0--0--0--0--0--0--0--0--0--0--0--0--0--0--0--0,0元/度,停车费具体以场地方收取为准,121.399827,31.080128
10469,上海金山巴士龙胜路,龙胜路727号,22,0,安悦充电,专用站点,0元/度,0元/度,0--0--0--0--0--0--0--0--0--0--0--0--0--0--0--0--0--0--0--0--0--0--0--0,0元/度,停车费具体以场地方收取为准,121.340372,30.729401
10470,柏中紧固件,北横沙和路498弄99号,0,4,安悦充电,专用站点,0,0,0--0--0--0--0--0--0--0--0--0--0--0--0--0--0--0--0--0--0--0--0--0--0--0,未知,停车费具体以场地方收取为准,121.374439,31.057311
10473,安亭乘用车试车场,嘉定区安研路201号,6,0,安悦充电,专用站点,0元/度,0元/度,0--0--0--0--0--0--0--0--0--0--0--0--0--0--0--0--0--0--0--0--0--0--0--0,0元/度,停车费具体以场地方收取为准,121.196011,31.283451
10479,上海轻良实业有限公司,青浦区白鹤镇鹤祥路68号,1,5,安悦充电,专用站点,0元/度,0元/度,0--0--0--0--0--0--0--0--0--0--0--0--0--0--0--0--0--0--0--0--0--0--0--0,0.6元/度,停车费具体以场地方收取为准,121.157185,31.260711
10485,跨越速运,青浦区华南路169号,2,0,安悦充电,专用站点,0元/度,0元/度,0--0--0--0--0--0--0--0--0--0--0--0--0--0--0--0--0--0--0--0--0--0--0--0,0元/度,停车费具体以场地方收取为准,121.216951,31.234604
10495,国核工程有限公司,田林路888号2号楼,0,3,安悦充电,专用站点,0,0,0--0--0--0--0--0--0--0--0--0--0--0--0--0--0--0--0--0--0--0--0--0--0--0,未知,停车费具体以场地方收取为准,121.397712,31.170214
10496,悦安汽车,崮山路930号,0,3,安悦充电,公共站点,1.2元/度,1.2元/度,1.2--1.2--1.2--1.2--1.2--1.2--1.2--1.2--1.2--1.2--1.2--1.2--1.2--1.2--1.2--1.2--1.2--1.2--1.2--1.2--1.2--1.2--1.2--1.2,0.6元/度,停车费具体以场地方收取为准,121.568345,31.242233
10497,盛高国际大厦,仙霞路137号,1,15,安悦充电,公共站点,1.3元/度,1.3元/度,1.3--1.3--1.3--1.3--1.3--1.3--1.3--1.3--1.3--1.3--1.3--1.3--1.3--1.3--1.3--1.3--1.3--1.3--1.3--1.3--1.3--1.3--1.3--1.3,0.6元/度,8元/小时 (仅供参考，具体以场地方收取为准),121.410515,31.212008
10498,未来资产大厦,陆家嘴环路166号,1,5,安悦充电,公共站点,1.25元/度,1.25元/度,1.25--1.25--1.25--1.25--1.25--1.25--1.25--1.25--1.25--1.25--1.25--1.25--1.25--1.25--1.25--1.25--1.25--1.25--1.25--1.25--1.25--1.25--1.25--1.25,0.8元/度,15元/小时 (仅供参考，具体以场地方收取为准),121.506872,31.24084
10499,距马科技直流桩,新灵路80号,1,0,安悦充电,专用站点,0,0,0--0--0--0--0--0--0--0--0--0--0--0--0--0--0--0--0--0--0--0--0--0--0--0,0,停车费具体以场地方收取为准,121.614795,31.322896
10501,老场坊1933,虹口区溧阳路611号（近沙泾路）,0,2,安悦充电,公共站点,最高1.196元/度,最高1.196元/度,0.353--0.353--0.353--0.353--0.353--0.353--0.742--0.742--1.196--1.196--1.196--0.742--0.742--0.742--0.742--0.742--0.742--0.742--1.196--1.196--1.196--0.742--0.353--0.353,0.6元/度,5元/小时 (仅供参考，具体以场地方收取为准),121.49851,31.26034
10502,松江延锋伟世通电子,美能达路300号大门右侧,0,5,安悦充电,专用站点,0元/度,0元/度,0--0--0--0--0--0--0--0--0--0--0--0--0--0--0--0--0--0--0--0--0--0--0--0,1.3元/度,停车费具体以场地方收取为准,121.263411,31.032274
10504,宝山圆通快递,罗南镇东太东路865号,4,0,安悦充电,专用站点,0元/度,0元/度,0--0--0--0--0--0--0--0--0--0--0--0--0--0--0--0--0--0--0--0--0--0--0--0,0元/度,停车费具体以场地方收取为准,121.376273,31.394025
10505,松江申通快递,松江区茂盛路116号,2,0,安悦充电,专用站点,0,0,0--0--0--0--0--0--0--0--0--0--0--0--0--0--0--0--0--0--0--0--0--0--0--0,0,停车费具体以场地方收取为准,121.272449,31.076423
10507,锦江之星赤峰路店,广纪路127号,0,6,安悦充电,公共站点,1.45元/度,1.45元/度,1.45--1.45--1.45--1.45--1.45--1.45--1.45--1.45--1.45--1.45--1.45--1.45--1.45--1.45--1.45--1.45--1.45--1.45--1.45--1.45--1.45--1.45--1.45--1.45,0.6元/度,5元/小时 (仅供参考，具体以场地方收取为准),121.488841,31.288797
10508,中钞油墨有限公司,秀沿路288号,0,15,安悦充电,专用站点,0,0,0--0--0--0--0--0--0--0--0--0--0--0--0--0--0--0--0--0--0--0--0--0--0--0,未知,停车费具体以场地方收取为准,121.564424,31.139354
10509,蓝宫大酒店e享天开,博乐南路125号,0,6,安悦充电,专用站点,0元/度,0元/度,0--0--0--0--0--0--0--0--0--0--0--0--0--0--0--0--0--0--0--0--0--0--0--0,0元/度,停车费具体以场地方收取为准,121.268542,31.382321
10510,光明乳业停车场,吴中路580号,0,6,安悦充电,专用站点,最高1.159元/度,最高1.159元/度,0.345--0.345--0.345--0.345--0.345--0.345--0.708--0.708--1.159--1.159--1.159--0.708--0.708--0.708--0.708--0.708--0.708--0.708--1.159--1.159--1.159--0.708--0.345--0.345,0.7元/度,停车费具体以场地方收取为准,121.409145,31.190962
10511,上海国际时尚中心7号楼,杨树浦路2866号7号楼停车场,0,34,安悦充电,公共站点,1.3元/度,1.3元/度,1.3--1.3--1.3--1.3--1.3--1.3--1.3--1.3--1.3--1.3--1.3--1.3--1.3--1.3--1.3--1.3--1.3--1.3--1.3--1.3--1.3--1.3--1.3--1.3,0.6元/度,7元/小时 (仅供参考，具体以场地方收取为准),121.563706,31.277828
10514,维也纳酒店高科东路店,浦东新区高科东路1862号,1,16,安悦充电,公共站点,1.2元/度,1.2元/度,1.2--1.2--1.2--1.2--1.2--1.2--1.2--1.2--1.2--1.2--1.2--1.2--1.2--1.2--1.2--1.2--1.2--1.2--1.2--1.2--1.2--1.2--1.2--1.2,0.6元/度,10元/小时 (仅供参考，具体以场地方收取为准),121.694812,31.225644
10515,上海弹簧制造公司（川路）,川路291号,0,7,安悦充电,专用站点,0,0,0--0--0--0--0--0--0--0--0--0--0--0--0--0--0--0--0--0--0--0--0--0--0--0,未知,停车费具体以场地方收取为准,121.441598,31.355408
10516,上海弹簧制造公司（合兆路）,合兆路677号,0,2,安悦充电,专用站点,0,0,0--0--0--0--0--0--0--0--0--0--0--0--0--0--0--0--0--0--0--0--0--0--0--0,未知,停车费具体以场地方收取为准,121.3463,31.451802
10517,沪太路沃尔玛,沪太路4929号地下车库,4,29,安悦充电,公共站点,1.35元/度,1.35元/度,1.35--1.35--1.35--1.35--1.35--1.35--1.35--1.35--1.35--1.35--1.35--1.35--1.35--1.35--1.35--1.35--1.35--1.35--1.35--1.35--1.35--1.35--1.35--1.35,0.6元/度,停车费具体以场地方收取为准,121.388185,31.358205
10518,上海文化广场e享天开,陕西南路225号,0,2,安悦充电,专用站点,0元/度,0元/度,0--0--0--0--0--0--0--0--0--0--0--0--0--0--0--0--0--0--0--0--0--0--0--0,0元/度,停车费具体以场地方收取为准,121.468079,31.217266
10519,市场监督局（人民路）,人民西路1559弄1支弄1号,0,2,安悦充电,专用站点,0,0,0--0--0--0--0--0--0--0--0--0--0--0--0--0--0--0--0--0--0--0--0--0--0--0,未知,停车费具体以场地方收取为准,121.732382,31.054541
10520,华东师范大学中山北路校区,枣阳路788号,0,10,安悦充电,专用站点,0.64元/度,0.64元/度,0.64--0.64--0.64--0.64--0.64--0.64--0.64--0.64--0.64--0.64--0.64--0.64--0.64--0.64--0.64--0.64--0.64--0.64--0.64--0.64--0.64--0.64--0.64--0.64,0.2元/度,5元/小时 (仅供参考，具体以场地方收取为准),121.409583,31.22955
10521,碧波浴室,祝桥镇盐仓停车场,0,2,安悦充电,公共站点,1.2元/度,1.2元/度,1.2--1.2--1.2--1.2--1.2--1.2--1.2--1.2--1.2--1.2--1.2--1.2--1.2--1.2--1.2--1.2--1.2--1.2--1.2--1.2--1.2--1.2--1.2--1.2,0.6元/度,5元/小时 (仅供参考，具体以场地方收取为准),121.768012,31.09441
10523,上汽大通菜鸟项目-新泽路专用充电桩项目,新泽路25号,6,0,安悦充电,专用站点,0元/度,0元/度,0--0--0--0--0--0--0--0--0--0--0--0--0--0--0--0--0--0--0--0--0--0--0--0,0元/度,停车费具体以场地方收取为准,121.643025,31.082745
10526,上海汽车工业大厦e享天开,威海路489号,0,3,安悦充电,专用站点,0元/度,0元/度,0--0--0--0--0--0--0--0--0--0--0--0--0--0--0--0--0--0--0--0--0--0--0--0,0元/度,停车费具体以场地方收取为准,121.469213,31.232712
10527,虹口检察院,唐山路902号,0,3,安悦充电,专用站点,0,0,0--0--0--0--0--0--0--0--0--0--0--0--0--0--0--0--0--0--0--0--0--0--0--0,未知,停车费具体以场地方收取为准,121.516262,31.26597
10528,雀巢饮用水,浦东新区宁桥路88号,0,3,安悦充电,专用站点,峰1元/度，平0.635元/度，,峰1元/度，平0.635元/度，,0.239--0.239--0.239--0.239--0.239--0.239--0.635--0.635--1--1--1--0.635--0.635--0.635--0.635--0.635--0.635--0.635--1--1--1--0.635--0.239--0.239,0.5元/度,峰1元/度，平0.635元/度，谷0.239元/度（仅供参考，具体以场地方收取为准）,121.611703,31.254579
10534,华东师范大学闵行校区,东川路500号,0,10,安悦充电,专用站点,0.64元/度,0.64元/度,0.64--0.64--0.64--0.64--0.64--0.64--0.64--0.64--0.64--0.64--0.64--0.64--0.64--0.64--0.64--0.64--0.64--0.64--0.64--0.64--0.64--0.64--0.64--0.64,0.2元/度,4元/小时，每天8元封顶 (仅供参考，具体以场地方收取为准),121.458811,31.035068
10535,灵石坊,灵石路697号,0,3,安悦充电,专用站点,0元/度,0元/度,0--0--0--0--0--0--0--0--0--0--0--0--0--0--0--0--0--0--0--0--0--0--0--0,0元/度,停车费具体以场地方收取为准,121.452573,31.289631
10536,浦东国际机场,浦东新区迎宾大道6000号浦东国际机场,16,64,安悦充电,公共站点,1.27元/度,1.27元/度,1.27--1.27--1.27--1.27--1.27--1.27--1.27--1.27--1.27--1.27--1.27--1.27--1.27--1.27--1.27--1.27--1.27--1.27--1.27--1.27--1.27--1.27--1.27--1.27,1.2元/度,前两小时10元/小时，之后5元/小时（仅供参考，具体以场地方收取为准）,121.81502,31.157386
10537,科技发展总部,淮海中路1634号,0,6,安悦充电,公共站点,1.5元/度,1.5元/度,1.5--1.5--1.5--1.5--1.5--1.5--1.5--1.5--1.5--1.5--1.5--1.5--1.5--1.5--1.5--1.5--1.5--1.5--1.5--1.5--1.5--1.5--1.5--1.5,0.8元/度,20元/小时 (仅供参考，具体以场地方收取为准),121.449909,31.214032
10540,中海建国东路65街坊,建国东路65街坊13号线马当路5号出口,0,71,安悦充电,公共站点,1.3元/度,1.3元/度,1.3--1.3--1.3--1.3--1.3--1.3--1.3--1.3--1.3--1.3--1.3--1.3--1.3--1.3--1.3--1.3--1.3--1.3--1.3--1.3--1.3--1.3--1.3--1.3,0.6元/度,停车费具体以场地方收取为准,121.48367,31.216516
10547,汇金百货,娄山关路900号,0,10,安悦充电,公共站点,1.3元/度,1.3元/度,1.3--1.3--1.3--1.3--1.3--1.3--1.3--1.3--1.3--1.3--1.3--1.3--1.3--1.3--1.3--1.3--1.3--1.3--1.3--1.3--1.3--1.3--1.3--1.3,0.6元/度,7元/小时 (仅供参考，具体以场地方收取为准),121.411818,31.217501
10549,大团镇赵村村委会,大团镇赵村,0,3,安悦充电,公共站点,1.2元/度,1.2元/度,1.2--1.2--1.2--1.2--1.2--1.2--1.2--1.2--1.2--1.2--1.2--1.2--1.2--1.2--1.2--1.2--1.2--1.2--1.2--1.2--1.2--1.2--1.2--1.2,0.6元/度,停车费具体以场地方收取为准,121.745684,30.993854
10550,航都路汽车检测中心,闵行区航都路27号,0,9,安悦充电,公共站点,1.2元/度,1.2元/度,1.2--1.2--1.2--1.2--1.2--1.2--1.2--1.2--1.2--1.2--1.2--1.2--1.2--1.2--1.2--1.2--1.2--1.2--1.2--1.2--1.2--1.2--1.2--1.2,0.6元/度,停车费具体以场地方收取为准,121.617138,31.045305
10552,天豪集团南泉北路,浦东新区南泉北路1010号,0,3,安悦充电,公共站点,0.4元/度,0.4元/度,0.4--0.4--0.4--0.4--0.4--0.4--0.4--0.4--0.4--0.4--0.4--0.4--0.4--0.4--0.4--0.4--0.4--0.4--0.4--0.4--0.4--0.4--0.4--0.4,1.3元/度,10元/小时 (仅供参考，具体以场地方收取为准),121.524801,31.232835
10553,宝车荟复地国际汽车商务园,上海市宝山区逸仙路3718号,0,15,安悦充电,公共站点,1.3元/度,1.3元/度,1.3--1.3--1.3--1.3--1.3--1.3--1.3--1.3--1.3--1.3--1.3--1.3--1.3--1.3--1.3--1.3--1.3--1.3--1.3--1.3--1.3--1.3--1.3--1.3,0.5元/度,小型车：4元/时，大型车：5元/时,121.506533,31.35566
10554,复地四季广场,杨浦区长阳路1568号,0,9,安悦充电,公共站点,1.3元/度,1.3元/度,1.3--1.3--1.3--1.3--1.3--1.3--1.3--1.3--1.3--1.3--1.3--1.3--1.3--1.3--1.3--1.3--1.3--1.3--1.3--1.3--1.3--1.3--1.3--1.3,0.5元/度,5元/小时 (首半小时免费，具体以场地方收取为准),121.540294,31.27413
10555,提篮桥街道办,虹口区新建路100号,0,4,安悦充电,专用站点,0.95元/度,0.95元/度,0.95--0.95--0.95--0.95--0.95--0.95--0.95--0.95--0.95--0.95--0.95--0.95--0.95--0.95--0.95--0.95--0.95--0.95--0.95--0.95--0.95--0.95--0.95--0.95,0.5元/度,停车费具体以场地方收取为准,121.505864,31.257508
10556,青浦汽车检测修理中心,青浦区青安路895号,2,0,安悦充电,公共站点,1.2元/度,1.2元/度,1.2--1.2--1.2--1.2--1.2--1.2--1.2--1.2--1.2--1.2--1.2--1.2--1.2--1.2--1.2--1.2--1.2--1.2--1.2--1.2--1.2--1.2--1.2--1.2,0.6元/度,停车费具体以场地方收取为准,121.12701,31.170777
10557,金沁苑南区,浦东新区鹤沙路226弄,0,36,安悦充电,公共站点,0.7元/度,0.7元/度,0.7--0.7--0.7--0.7--0.7--0.7--0.7--0.7--0.7--0.7--0.7--0.7--0.7--0.7--0.7--0.7--0.7--0.7--0.7--0.7--0.7--0.7--0.7--0.7,0.6元/度,5元/小时 (仅供参考，具体以场地方收取为准),121.606038,31.087805
10558,金沁苑1,鹤沙路201弄,0,36,安悦充电,公共站点,0.7元/度,0.7元/度,0.7--0.7--0.7--0.7--0.7--0.7--0.7--0.7--0.7--0.7--0.7--0.7--0.7--0.7--0.7--0.7--0.7--0.7--0.7--0.7--0.7--0.7--0.7--0.7,0.6元/度,5元/小时 (仅供参考，具体以场地方收取为准),121.606016,31.087526
10559,信息科技大厦e享天开,杨浦区控江路1555号,0,3,安悦充电,专用站点,0元/度,0元/度,0--0--0--0--0--0--0--0--0--0--0--0--0--0--0--0--0--0--0--0--0--0--0--0,0元/度,停车费具体以场地方收取为准,121.525518,31.280517
10560,静安金融中心,静安区万航渡路800号,0,44,安悦充电,公共站点,1.15元/度,1.15元/度,1.15--1.15--1.15--1.15--1.15--1.15--1.15--1.15--1.15--1.15--1.15--1.15--1.15--1.15--1.15--1.15--1.15--1.15--1.15--1.15--1.15--1.15--1.15--1.15,0.5元/度,10元/小时（仅供参考，具体以场地方收取为准）,121.436269,31.234276
10563,市场监督局（泥城路）,泥城路28号,0,2,安悦充电,专用站点,0,0,0--0--0--0--0--0--0--0--0--0--0--0--0--0--0--0--0--0--0--0--0--0--0--0,未知,停车费具体以场地方收取为准,121.834971,30.907942
10564,榕辉大厦e享天开,汶水东路29号,0,6,安悦充电,专用站点,0元/度,0元/度,0--0--0--0--0--0--0--0--0--0--0--0--0--0--0--0--0--0--0--0--0--0--0--0,0元/度,停车费具体以场地方收取为准,121.495128,31.298712
10565,莲谷企业园,莲花南路2899号,5,14,安悦充电,公共站点,1.3元/度,1.3元/度,1.3--1.3--1.3--1.3--1.3--1.3--1.3--1.3--1.3--1.3--1.3--1.3--1.3--1.3--1.3--1.3--1.3--1.3--1.3--1.3--1.3--1.3--1.3--1.3,0.8元/度,3元/小时 (仅供参考，具体以场地方收取为准),121.438724,31.069123
10566,上海孙桥现代农业联合发展有限公司,沔北路185号,0,3,安悦充电,公共站点,1元/度,1元/度,1--1--1--1--1--1--1--1--1--1--1--1--1--1--1--1--1--1--1--1--1--1--1--1,0.5元/度,停车费具体以场地方收取为准,121.624978,31.167876
10567,旭辉U天地,宝翔路158弄,0,16,安悦充电,公共站点,1.35元/度,1.35元/度,1.35--1.35--1.35--1.35--1.35--1.35--1.35--1.35--1.35--1.35--1.35--1.35--1.35--1.35--1.35--1.35--1.35--1.35--1.35--1.35--1.35--1.35--1.35--1.35,0.5元/度,停车费具体以场地方收取为准,121.331984,31.308134
10568,凯莱酒店,川周公路2689号,0,14,安悦充电,公共站点,1.3元/度,1.3元/度,1.3--1.3--1.3--1.3--1.3--1.3--1.3--1.3--1.3--1.3--1.3--1.3--1.3--1.3--1.3--1.3--1.3--1.3--1.3--1.3--1.3--1.3--1.3--1.3,0.6元/度,停车费具体以场地方收取为准,121.632435,31.150164
10569,虹桥机场P6P7充电项目,虹桥路2550号,0,8,安悦充电,专用站点,0元/度,0元/度,0--0--0--0--0--0--0--0--0--0--0--0--0--0--0--0--0--0--0--0--0--0--0--0,0元/度,10元/小时 (仅供参考，具体以场地方收取为准),121.33309,31.199647
10570,谷阳北路个人,谷阳路2388弄136号xxx室,0,1,安悦充电,专用站点,0元/度,0元/度,0--0--0--0--0--0--0--0--0--0--0--0--0--0--0--0--0--0--0--0--0--0--0--0,0元/度,停车费具体以场地方收取为准,121.244495,31.052921
10574,彭浦机械厂,沧海路288号,0,2,安悦充电,专用站点,0,0,0--0--0--0--0--0--0--0--0--0--0--0--0--0--0--0--0--0--0--0--0--0--0--0,未知,停车费具体以场地方收取为准,121.838551,30.858533
10578,上海电气培训中心,浦东大道2748号,0,4,安悦充电,专用站点,0元/度,0元/度,0--0--0--0--0--0--0--0--0--0--0--0--0--0--0--0--0--0--0--0--0--0--0--0,0元/度,停车费具体以场地方收取为准,121.579935,31.274354
10579,军工路充电站,军工路2670号,17,12,安悦充电,公共站点,0.8元/度,0.8元/度,0.8--0.8--0.8--0.8--0.8--0.8--0.8--0.8--0.8--0.8--0.8--0.8--0.8--0.8--0.8--0.8--0.8--0.8--0.8--0.8--0.8--0.8--0.8--0.8,1元/度,停车费具体以场地方收取为准,121.550202,31.336723
10580,大众一厂电器科室,洛浦路63号大众一厂电器科室,0,2,安悦充电,专用站点,0元/度,0元/度,0--0--0--0--0--0--0--0--0--0--0--0--0--0--0--0--0--0--0--0--0--0--0--0,0元/度,停车费具体以场地方收取为准,121.174498,31.307669
10581,上汽大众二厂售后服务准备中心车间,上海市嘉定区塔山路305号,1,2,安悦充电,专用站点,0元/度,0元/度,0--0--0--0--0--0--0--0--0--0--0--0--0--0--0--0--0--0--0--0--0--0--0--0,0元/度,停车费具体以场地方收取为准,121.184716,31.299263
10582,上汽大众售后充电项目SO-3服务工场,上海市嘉定区塔山路305号,0,1,安悦充电,专用站点,0元/度,0元/度,0--0--0--0--0--0--0--0--0--0--0--0--0--0--0--0--0--0--0--0--0--0--0--0,0元/度,停车费具体以场地方收取为准,121.184716,31.299263
10583,华虹创新园e享天开,浦东新区金豫路885号,0,6,安悦充电,专用站点,0元/度,0元/度,0--0--0--0--0--0--0--0--0--0--0--0--0--0--0--0--0--0--0--0--0--0--0--0,0元/度,停车费具体以场地方收取为准,121.630014,31.247992
10584,施湾中学,施湾二路850号,0,10,安悦充电,公共站点,0.929元/度,0.929元/度,0.929--0.929--0.929--0.929--0.929--0.929--0.929--0.929--0.929--0.929--0.929--0.929--0.929--0.929--0.929--0.929--0.929--0.929--0.929--0.929--0.929--0.929--0.929--0.929,0.6元/度,停车费具体以场地方收取为准,121.753998,31.150299
10585,上海金硕置业有限公司项目,浦连路412号,0,1,安悦充电,专用站点,0元/度,0元/度,0--0--0--0--0--0--0--0--0--0--0--0--0--0--0--0--0--0--0--0--0--0--0--0,0元/度,停车费具体以场地方收取为准,121.544604,31.060786
10586,七宝德必易园,华中路6号,0,6,安悦充电,公共站点,1.48元/度,1.48元/度,1.48--1.48--1.48--1.48--1.48--1.48--1.48--1.48--1.48--1.48--1.48--1.48--1.48--1.48--1.48--1.48--1.48--1.48--1.48--1.48--1.48--1.48--1.48--1.48,0.6元/度,停车费具体以场地方收取为准,121.36753,31.141278
10596,保利维拉家园个人,政青路333弄保利维拉家园,0,1,安悦充电,专用站点,0,0,0--0--0--0--0--0--0--0--0--0--0--0--0--0--0--0--0--0--0--0--0--0--0--0,未知,停车费具体以场地方收取为准,121.504178,31.320317
10599,上海科技大学,华夏中路393号地下停车场E区,6,19,安悦充电,公共站点,0.7元/度,0.7元/度,0.7--0.7--0.7--0.7--0.7--0.7--0.7--0.7--0.7--0.7--0.7--0.7--0.7--0.7--0.7--0.7--0.7--0.7--0.7--0.7--0.7--0.7--0.7--0.7,0.5元/度,停车费具体以场地方收取为准,121.595428,31.184819
10600,华石路88弄个人,华石路88弄,0,1,安悦充电,专用站点,0,0,1--1--1--1--1--1--1--1--1--1--1--1--1--1--1--1--1--1--1--1--1--1--1--1,未知,停车费具体以场地方收取为准,121.437888,31.184775
10602,西泰林路158弄个人,西泰林路158弄60号,0,1,安悦充电,专用站点,0,0,0--0--0--0--0--0--0--0--0--0--0--0--0--0--0--0--0--0--0--0--0--0--0--0,未知,停车费具体以场地方收取为准,121.540826,31.159154
10603,浦东新区老干部川沙活动室,川沙镇南桥路547号,0,3,安悦充电,专用站点,0元/度,0元/度,0--0--0--0--0--0--0--0--0--0--0--0--0--0--0--0--0--0--0--0--0--0--0--0,0元/度,停车费具体以场地方收取为准,121.706042,31.196026
10604,浦东新区老干部源深活动室,张杨路1458号,0,2,安悦充电,专用站点,0元/度,0元/度,0--0--0--0--0--0--0--0--0--0--0--0--0--0--0--0--0--0--0--0--0--0--0--0,0元/度,(仅供参考，具体以场地方收取为准),121.544141,31.239527
10605,浦东新区老干部惠南活动室,惠南镇城西路256号,0,2,安悦充电,专用站点,0元/度,0元/度,0--0--0--0--0--0--0--0--0--0--0--0--0--0--0--0--0--0--0--0--0--0--0--0,0元/度,停车费具体以场地方收取为准,121.755763,31.05543
10606,华东政法大学松江校区,上海市松江区龙源路555号,12,44,安悦充电,专用站点,0.636元/度,0.636元/度,0.636--0.636--0.636--0.636--0.636--0.636--0.636--0.636--0.636--0.636--0.636--0.636--0.636--0.636--0.636--0.636--0.636--0.636--0.636--0.636--0.636--0.636--0.636--0.636,0.5元/度,停车费具体以场地方收取为准,121.207296,31.061907
10607,奉贤海湾车站,金汇塘路,1,0,安悦充电,专用站点,0元/度,0元/度,0--0--0--0--0--0--0--0--0--0--0--0--0--0--0--0--0--0--0--0--0--0--0--0,0.5元/度,停车费具体以场地方收取为准,121.522249,30.822303
10608,奉贤客运新杨公路芦五公路公交站,新杨公路芦五公路,1,0,安悦充电,专用站点,0元/度,0元/度,0--0--0--0--0--0--0--0--0--0--0--0--0--0--0--0--0--0--0--0--0--0--0--0,0.5元/度,停车费具体以场地方收取为准,121.76493,30.871673
10610,采埃孚（中国）,九泾路889号,2,20,安悦充电,专用站点,0元/度,0元/度,0--0--0--0--0--0--0--0--0--0--0--0--0--0--0--0--0--0--0--0--0--0--0--0,0.5元/度,停车费具体以场地方收取为准,121.295601,31.148862
10611,莲谷企业园e享天开,莲花南路2899号,0,5,安悦充电,专用站点,0元/度,0元/度,0--0--0--0--0--0--0--0--0--0--0--0--0--0--0--0--0--0--0--0--0--0--0--0,0元/度,停车费具体以场地方收取为准,121.438733,31.069123
10612,申亚瑞庭,延安西路548弄11号,0,1,安悦充电,公共站点,1.2元/度,1.2元/度,1.2--1.2--1.2--1.2--1.2--1.2--1.2--1.2--1.2--1.2--1.2--1.2--1.2--1.2--1.2--1.2--1.2--1.2--1.2--1.2--1.2--1.2--1.2--1.2,0.6元/度,停车费具体以场地方收取为准,121.441017,31.223246
10615,大众园区桩二期（内部专用）,于田路7号,9,21,安悦充电,专用站点,1.6元/度,1.6元/度,1.6--1.6--1.6--1.6--1.6--1.6--1.6--1.6--1.6--1.6--1.6--1.6--1.6--1.6--1.6--1.6--1.6--1.6--1.6--1.6--1.6--1.6--1.6--1.6,0元/度,仅供参考，具体以场地方收取为准,121.190186,31.293791
10616,汉高化学停车场,奉贤区普工路36号,0,4,安悦充电,专用站点,0元/度,0元/度,0--0--0--0--0--0--0--0--0--0--0--0--0--0--0--0--0--0--0--0--0--0--0--0,0元/度,停车费具体以场地方收取为准,121.481364,30.816383
10617,第二中级人民法院,静安区中山北路567号,0,6,安悦充电,专用站点,0,0,0--0--0--0--0--0--0--0--0--0--0--0--0--0--0--0--0--0--0--0--0--0--0--0,0,停车费具体以场地方收取为准,121.470217,31.268164
10625,上海华裕,金苏路238号,2,3,安悦充电,专用站点,0,0,0--0--0--0--0--0--0--0--0--0--0--0--0--0--0--0--0--0--0--0--0--0--0--0,0,停车费具体以场地方收取为准,121.636111,31.26173
10626,上海申晟,丰翔路1358号,2,3,安悦充电,专用站点,0,0,0--0--0--0--0--0--0--0--0--0--0--0--0--0--0--0--0--0--0--0--0--0--0--0,0,停车费具体以场地方收取为准,121.359508,31.315141
10627,上海祥通,殷行路200号,2,0,安悦充电,专用站点,0,0,0--0--0--0--0--0--0--0--0--0--0--0--0--0--0--0--0--0--0--0--0--0--0--0,0,停车费具体以场地方收取为准,121.548514,31.334749
10628,上海云峰,七莘路3795号,2,3,安悦充电,专用站点,0元/度,0元/度,0--0--0--0--0--0--0--0--0--0--0--0--0--0--0--0--0--0--0--0--0--0--0--0,0元/度,停车费具体以场地方收取为准,121.346417,31.174411
10631,金茂大厦,世纪大道88号,0,11,安悦充电,公共站点,1.3元/度,1.3元/度,1.3--1.3--1.3--1.3--1.3--1.3--1.3--1.3--1.3--1.3--1.3--1.3--1.3--1.3--1.3--1.3--1.3--1.3--1.3--1.3--1.3--1.3--1.3--1.3,0.6元/度,15元/小时 (仅供参考，具体以场地方收取为准),121.511522,31.240453
10637,金茂大厦e享天开,世纪大道222号,0,4,安悦充电,专用站点,0元/度,0元/度,0--0--0--0--0--0--0--0--0--0--0--0--0--0--0--0--0--0--0--0--0--0--0--0,0元/度,停车费具体以场地方收取为准,121.517234,31.239662
10638,宝欣苑B1,美平路696弄,0,24,安悦充电,公共站点,1.2元/度,1.2元/度,1.2--1.2--1.2--1.2--1.2--1.2--1.2--1.2--1.2--1.2--1.2--1.2--1.2--1.2--1.2--1.2--1.2--1.2--1.2--1.2--1.2--1.2--1.2--1.2,0.6元/度,5元/天 (仅供参考，具体以场地方收取为准),121.346156,31.394418
10639,宝欣苑B2,美平路745弄,0,34,安悦充电,公共站点,1.2元/度,1.2元/度,1.2--1.2--1.2--1.2--1.2--1.2--1.2--1.2--1.2--1.2--1.2--1.2--1.2--1.2--1.2--1.2--1.2--1.2--1.2--1.2--1.2--1.2--1.2--1.2,0.6元/度,5元/天 (仅供参考，具体以场地方收取为准),121.345748,31.393004
10640,上海大通-上海宝隆,上海市宝山区宝杨路2058号,2,0,安悦充电,专用站点,0,0,0--0--0--0--0--0--0--0--0--0--0--0--0--0--0--0--0--0--0--0--0--0--0--0,0,停车费具体以场地方收取为准,121.466403,31.391787
10641,上海大通-上海宝之兴,上海市浦东新区合庆镇华星村顾家宅210号,2,0,安悦充电,专用站点,0,0,0--0--0--0--0--0--0--0--0--0--0--0--0--0--0--0--0--0--0--0--0--0--0--0,0,停车费具体以场地方收取为准,121.721234,31.209747
10642,上海大通-上海鼎汇,上海浦东新区罗山路5103号,2,3,安悦充电,专用站点,0元/度,0元/度,0--0--0--0--0--0--0--0--0--0--0--0--0--0--0--0--0--0--0--0--0--0--0--0,0元/度,（仅供参考，具体以场地方收取为准）,121.595545,31.169025
10643,上海大通-上海怡通,上海市宝山区江杨南路1712号,2,3,安悦充电,专用站点,0,0,0--0--0--0--0--0--0--0--0--0--0--0--0--0--0--0--0--0--0--0--0--0--0--0,0,停车费具体以场地方收取为准,121.474262,31.343865
10645,上海大通-上海快乐,嘉定区江桥镇星华公路2228号,2,0,安悦充电,专用站点,0,0,0--0--0--0--0--0--0--0--0--0--0--0--0--0--0--0--0--0--0--0--0--0--0--0,0,停车费具体以场地方收取为准,121.291969,31.282419
10647,宝欣苑B5,天家路200弄,0,28,安悦充电,公共站点,1.2元/度,1.2元/度,1.2--1.2--1.2--1.2--1.2--1.2--1.2--1.2--1.2--1.2--1.2--1.2--1.2--1.2--1.2--1.2--1.2--1.2--1.2--1.2--1.2--1.2--1.2--1.2,0.6元/度,5元/天 (仅供参考，具体以场地方收取为准),121.34472,31.390044
10648,宝欣苑B7,天家路116弄,0,19,安悦充电,公共站点,1.2元/度,1.2元/度,1.2--1.2--1.2--1.2--1.2--1.2--1.2--1.2--1.2--1.2--1.2--1.2--1.2--1.2--1.2--1.2--1.2--1.2--1.2--1.2--1.2--1.2--1.2--1.2,0.6元/度,停车费具体以场地方收取为准,121.344738,31.389589
10649,宝欣苑B8,天家路99弄,0,27,安悦充电,公共站点,1.2元/度,1.2元/度,1.2--1.2--1.2--1.2--1.2--1.2--1.2--1.2--1.2--1.2--1.2--1.2--1.2--1.2--1.2--1.2--1.2--1.2--1.2--1.2--1.2--1.2--1.2--1.2,0.6元/度,停车费具体以场地方收取为准,121.344751,31.389674
10650,浦东新区人民检察院,蔡伦路68号,0,50,安悦充电,专用站点,0元/度,0元/度,0--0--0--0--0--0--0--0--0--0--0--0--0--0--0--0--0--0--0--0--0--0--0--0,0元/度,停车费具体以场地方收取为准,121.627675,31.203184
10651,上海市医疗急救中心（内部专用）,宜山路638号,0,3,安悦充电,专用站点,0.91元/度,0.91元/度,0.91--0.91--0.91--0.91--0.91--0.91--0.91--0.91--0.91--0.91--0.91--0.91--0.91--0.91--0.91--0.91--0.91--0.91--0.91--0.91--0.91--0.91--0.91--0.91,0元/度,停车费具体以场地方收取为准,121.428755,31.182779
10652,上海世发,新桥镇申光路2号,2,0,安悦充电,专用站点,0元/度,0元/度,0--0--0--0--0--0--0--0--0--0--0--0--0--0--0--0--0--0--0--0--0--0--0--0,0元/度,停车费具体以场地方收取为准,121.361121,31.08134
10653,上海贤峰,南桥镇国顺路818号（近沪杭公路口）,2,0,安悦充电,专用站点,0元/度,0元/度,0--0--0--0--0--0--0--0--0--0--0--0--0--0--0--0--0--0--0--0--0--0--0--0,0元/度,停车费具体以场地方收取为准,121.458533,30.936428
10654,上海永虹,天山西路2518号（大虹桥地区）,2,0,安悦充电,专用站点,0元/度,0元/度,0--0--0--0--0--0--0--0--0--0--0--0--0--0--0--0--0--0--0--0--0--0--0--0,0元/度,停车费具体以场地方收取为准,121.339278,31.223931
10655,上海云朗,茸兴路368号,2,0,安悦充电,专用站点,0元/度,0元/度,0--0--0--0--0--0--0--0--0--0--0--0--0--0--0--0--0--0--0--0--0--0--0--0,0元/度,停车费具体以场地方收取为准,121.256833,31.050172
10656,上海浦东医院,拱为路2800号,1,18,安悦充电,公共站点,1.2元/度,1.2元/度,1.2--1.2--1.2--1.2--1.2--1.2--1.2--1.2--1.2--1.2--1.2--1.2--1.2--1.2--1.2--1.2--1.2--1.2--1.2--1.2--1.2--1.2--1.2--1.2,0.8元/度,4元/小时 (仅供参考，具体以场地方收取为准),121.744242,31.063161
10657,宝山宜家停车场专用,沪太路1818号,0,3,安悦充电,专用站点,0元/度,0元/度,0--0--0--0--0--0--0--0--0--0--0--0--0--0--0--0--0--0--0--0--0--0--0--0,0元/度,停车费具体以场地方收取为准,121.424279,31.295435
10658,名流星域汽车,内江路301号,0,1,安悦充电,专用站点,0元/度,0元/度,0--0--0--0--0--0--0--0--0--0--0--0--0--0--0--0--0--0--0--0--0--0--0--0,0元/度,停车费具体以场地方收取为准,121.552741,31.286394
10659,长岛花苑停车场,长岛路1560弄,0,44,安悦充电,公共站点,0.75元/度,0.75元/度,0.75--0.75--0.75--0.75--0.75--0.75--0.75--0.75--0.75--0.75--0.75--0.75--0.75--0.75--0.75--0.75--0.75--0.75--0.75--0.75--0.75--0.75--0.75--0.75,0.6元/度,停车费具体以场地方收取为准,121.608537,31.270298
10660,星联科技园,虹梅路1535号,0,2,安悦充电,公共站点,1.2元/度,1.2元/度,1.2--1.2--1.2--1.2--1.2--1.2--1.2--1.2--1.2--1.2--1.2--1.2--1.2--1.2--1.2--1.2--1.2--1.2--1.2--1.2--1.2--1.2--1.2--1.2,0.4元/度,5元/小时 (仅供参考，具体以场地方收取为准),121.407113,31.169555
10661,青庭新地置业二期,申滨南路1226号,0,6,安悦充电,公共站点,1.25元/度,1.25元/度,1.25--1.25--1.25--1.25--1.25--1.25--1.25--1.25--1.25--1.25--1.25--1.25--1.25--1.25--1.25--1.25--1.25--1.25--1.25--1.25--1.25--1.25--1.25--1.25,0.6元/度,5元/小时 (仅供参考，具体以场地方收取为准),121.317393,31.199339
10662,扬升农副产品专业合作社,北横河路143号,0,13,安悦充电,公共站点,0.8元/度,0.8元/度,0.8--0.8--0.8--0.8--0.8--0.8--0.8--0.8--0.8--0.8--0.8--0.8--0.8--0.8--0.8--0.8--0.8--0.8--0.8--0.8--0.8--0.8--0.8--0.8,0.6元/度,停车费具体以场地方收取为准,121.711605,30.916367
10663,玉昆小区,小昆山镇平原街880弄,0,27,安悦充电,公共站点,0.93元/度,0.93元/度,0.93--0.93--0.93--0.93--0.93--0.93--0.93--0.93--0.93--0.93--0.93--0.93--0.93--0.93--0.93--0.93--0.93--0.93--0.93--0.93--0.93--0.93--0.93--0.93,0.6元/度,5元/小时 (仅供参考，具体以场地方收取为准),121.128461,31.037789
10672,虹桥P9停车场e享天开,虹桥火车站地面P9,1,19,安悦充电,专用站点,0元/度,0元/度,0--0--0--0--0--0--0--0--0--0--0--0--0--0--0--0--0--0--0--0--0--0--0--0,0元/度,停车费具体以场地方收取为准,121.323823,31.201519
10673,昱龙家园,康达路508弄,0,38,安悦充电,公共站点,0.75元/度,0.75元/度,0.75--0.75--0.75--0.75--0.75--0.75--0.75--0.75--0.75--0.75--0.75--0.75--0.75--0.75--0.75--0.75--0.75--0.75--0.75--0.75--0.75--0.75--0.75--0.75,0.6元/度,5元/小时 (仅供参考，具体以场地方收取为准),121.604299,31.127453
10676,昱星家园,浦东新区鹤沙路688弄（近周东南路）,0,40,安悦充电,公共站点,1元/度,1元/度,1--1--1--1--1--1--1--1--1--1--1--1--1--1--1--1--1--1--1--1--1--1--1--1,0.6元/度,5元/小时 (仅供参考，具体以场地方收取为准),121.597542,31.088229
10677,张江管委会,浦东新区张东路1158号3号楼,0,5,安悦充电,专用站点,0元/度,0元/度,0--0--0--0--0--0--0--0--0--0--0--0--0--0--0--0--0--0--0--0--0--0--0--0,0元/度,停车费具体以场地方收取为准,121.637587,31.227193
10678,昱丽家园,浦东新区鹤沙路699弄,0,40,安悦充电,公共站点,1元/度,1元/度,1--1--1--1--1--1--1--1--1--1--1--1--1--1--1--1--1--1--1--1--1--1--1--1,0.6元/度,5元/小时 (仅供参考，具体以场地方收取为准),121.597332,31.087629
10680,永康城香樟苑,闵行区盐铁塘路435弄,0,38,安悦充电,公共站点,0.98元/度,0.98元/度,0.98--0.98--0.98--0.98--0.98--0.98--0.98--0.98--0.98--0.98--0.98--0.98--0.98--0.98--0.98--0.98--0.98--0.98--0.98--0.98--0.98--0.98--0.98--0.98,0.6元/度,5元/小时 (仅供参考，具体以场地方收取为准),121.514119,31.040153
10681,永康城玉兰苑,闵行区闸航路4398弄,0,38,安悦充电,公共站点,0.98元/度,0.98元/度,0.98--0.98--0.98--0.98--0.98--0.98--0.98--0.98--0.98--0.98--0.98--0.98--0.98--0.98--0.98--0.98--0.98--0.98--0.98--0.98--0.98--0.98--0.98--0.98,0.6元/度,5元/小时 (仅供参考，具体以场地方收取为准),121.504851,31.029598
10682,永康城丹桂苑,闵行区永恩路80弄,0,30,安悦充电,公共站点,0.98元/度,0.98元/度,0.98--0.98--0.98--0.98--0.98--0.98--0.98--0.98--0.98--0.98--0.98--0.98--0.98--0.98--0.98--0.98--0.98--0.98--0.98--0.98--0.98--0.98--0.98--0.98,0.6元/度,5元/小时 (仅供参考，具体以场地方收取为准),121.507438,31.028376
10684,宝欣苑B4,宝山区美平路999弄,0,29,安悦充电,公共站点,1.2元/度,1.2元/度,1.2--1.2--1.2--1.2--1.2--1.2--1.2--1.2--1.2--1.2--1.2--1.2--1.2--1.2--1.2--1.2--1.2--1.2--1.2--1.2--1.2--1.2--1.2--1.2,0.6元/度,5元/小时 (仅供参考，具体以场地方收取为准),121.346208,31.392616
10685,浦东新区市场监督管理局黄赵路,浦东新区黄赵路310号,0,3,安悦充电,专用站点,0元/度,0元/度,0--0--0--0--0--0--0--0--0--0--0--0--0--0--0--0--0--0--0--0--0--0--0--0,0元/度,0元/小时 (仅供参考，具体以场地方收取为准),121.667455,31.155619
10686,金山中西医结合医院,金山区枫泾镇白牛路219号,0,16,安悦充电,公共站点,1.1元/度,1.1元/度,1.1--1.1--1.1--1.1--1.1--1.1--1.1--1.1--1.1--1.1--1.1--1.1--1.1--1.1--1.1--1.1--1.1--1.1--1.1--1.1--1.1--1.1--1.1--1.1,0.5元/度,免费,121.029324,30.897455
10688,美奂大厦,徐汇区中山南二路107号,3,15,安悦充电,公共站点,1.3元/度,1.3元/度,1.3--1.3--1.3--1.3--1.3--1.3--1.3--1.3--1.3--1.3--1.3--1.3--1.3--1.3--1.3--1.3--1.3--1.3--1.3--1.3--1.3--1.3--1.3--1.3,0.6元/度,8元/小时 (仅供参考，具体以场地方收取为准),121.473808,31.19889
10689,吴淞客运码头,泰和路5号,8,0,安悦充电,专用站点,0元/度,0元/度,0--0--0--0--0--0--0--0--0--0--0--0--0--0--0--0--0--0--0--0--0--0--0--0,0.6元/度,停车费具体以场地方收取为准,121.506863,31.382775
10690,自贸联发业盛路,浦东新区业盛路188号,2,24,安悦充电,公共站点,1.1元/度,1.1元/度,1.1--1.1--1.1--1.1--1.1--1.1--1.1--1.1--1.1--1.1--1.1--1.1--1.1--1.1--1.1--1.1--1.1--1.1--1.1--1.1--1.1--1.1--1.1--1.1,0.6元/度,停车费具体以场地方收取为准,121.898099,30.869867
10691,自贸联发业盛路E享天开,浦东新区业盛路188号,0,8,e享天开,专用站点,0元/度,0元/度,0--0--0--0--0--0--0--0--0--0--0--0--0--0--0--0--0--0--0--0--0--0--0--0,0元/度,停车费具体以场地方收取为准,121.898063,30.869898
10692,自贸联发港茂路,浦东新区港茂路122号,2,9,安悦充电,公共站点,1.1元/度,1.1元/度,1.1--1.1--1.1--1.1--1.1--1.1--1.1--1.1--1.1--1.1--1.1--1.1--1.1--1.1--1.1--1.1--1.1--1.1--1.1--1.1--1.1--1.1--1.1--1.1,0.6元/度,停车费具体以场地方收取为准,121.882069,30.874847
10693,自贸联发港茂路E享天开,浦东新区港茂路122号,0,4,e享天开,专用站点,0元/度,0元/度,0--0--0--0--0--0--0--0--0--0--0--0--0--0--0--0--0--0--0--0--0--0--0--0,0元/度,停车费具体以场地方收取为准,121.882105,30.874847
10694,自贸联发同顺大道,浦东新区同顺大道333号,0,5,安悦充电,公共站点,1.1元/度,1.1元/度,1.1--1.1--1.1--1.1--1.1--1.1--1.1--1.1--1.1--1.1--1.1--1.1--1.1--1.1--1.1--1.1--1.1--1.1--1.1--1.1--1.1--1.1--1.1--1.1,0.6元/度,停车费具体以场地方收取为准,121.886492,30.875053
10695,自贸联发同顺大道E享天开,同顺大道333号,0,4,e享天开,专用站点,0元/度,0元/度,0--0--0--0--0--0--0--0--0--0--0--0--0--0--0--0--0--0--0--0--0--0--0--0,0元/度,停车费具体以场地方收取为准,121.869963,30.886489
10696,自贸联发汇港路,浦东新区汇港路388号,0,6,安悦充电,公共站点,1.1元/度,1.1元/度,1.1--1.1--1.1--1.1--1.1--1.1--1.1--1.1--1.1--1.1--1.1--1.1--1.1--1.1--1.1--1.1--1.1--1.1--1.1--1.1--1.1--1.1--1.1--1.1,0.6元/度,停车费具体以场地方收取为准,121.887482,30.867569
10697,自贸联发汇港路E享天开,浦东新区汇港路388号,0,4,e享天开,专用站点,0元/度,0元/度,0--0--0--0--0--0--0--0--0--0--0--0--0--0--0--0--0--0--0--0--0--0--0--0,0元/度,停车费具体以场地方收取为准,121.887518,30.867445
10710,葵园公共充电站点,东大公路4677号,2,9,安悦充电,公共站点,最高1.159元/度,最高1.159元/度,0.34--0.34--0.34--0.34--0.34--0.34--0.708--0.708--1.159--1.159--1.159--0.708--0.708--0.708--0.708--0.708--0.708--0.708--1.159--1.159--1.159--0.708--0.34--0.34,0.6元/度,停车费具体以场地方收取为准,121.894608,30.986002
10712,浦东新区市场监督管理局桃林路,桃林路1411号,0,3,安悦充电,专用站点,0元/度,0元/度,0--0--0--0--0--0--0--0--0--0--0--0--0--0--0--0--0--0--0--0--0--0--0--0,0元/度,0元/小时 (仅供参考，具体以场地方收取为准),121.550504,31.232934
10713,朱家角人民政府停车场,朱家角镇沙家埭路18号,0,2,安悦充电,专用站点,0元/度,0元/度,0--0--0--0--0--0--0--0--0--0--0--0--0--0--0--0--0--0--0--0--0--0--0--0,0元/度,0元/小时 (仅供参考，具体以场地方收取为准),121.053009,31.109736
10714,华谊集团大厦,常德路809号,0,15,安悦充电,专用站点,0元/度,0元/度,0--0--0--0--0--0--0--0--0--0--0--0--0--0--0--0--0--0--0--0--0--0--0--0,0元/度,0元/小时 (仅供参考，具体以场地方收取为准),121.448523,31.239594
10715,大众园区桩一期（内部专用）,于田路7号（总办大楼地下车库）,0,19,安悦充电,专用站点,0元/度,0元/度,0--0--0--0--0--0--0--0--0--0--0--0--0--0--0--0--0--0--0--0--0--0--0--0,0元/度,0元/小时 (仅供参考，具体以场地方收取为准),121.538605,31.037684
10721,中童巴比尼,嘉定区浏翔公路699号,1,76,安悦充电,公共站点,1.3元/度,1.3元/度,1.3--1.3--1.3--1.3--1.3--1.3--1.3--1.3--1.3--1.3--1.3--1.3--1.3--1.3--1.3--1.3--1.3--1.3--1.3--1.3--1.3--1.3--1.3--1.3,0.5元/度,停车费具体以场地方收取为准,121.337518,31.309891
10725,龙湖虹桥天街,闵行区申长路869号B3层K区,0,53,安悦充电,公共站点,1.25元/度,1.25元/度,1.25--1.25--1.25--1.25--1.25--1.25--1.25--1.25--1.25--1.25--1.25--1.25--1.25--1.25--1.25--1.25--1.25--1.25--1.25--1.25--1.25--1.25--1.25--1.25,0.6元/度,6元/小时 (仅供参考，具体以场地方收取为准),121.319822,31.198546
10727,汉庭沪南公路,浦东新区沪南公路8916号进门右手车位,0,7,安悦充电,公共站点,1.3元/度,1.3元/度,1.3--1.3--1.3--1.3--1.3--1.3--1.3--1.3--1.3--1.3--1.3--1.3--1.3--1.3--1.3--1.3--1.3--1.3--1.3--1.3--1.3--1.3--1.3--1.3,0.6元/度,停车费具体以场地方收取为准,121.702072,31.042806
10728,汽车城科技创新港,嘉定区安拓路56弄,0,21,安悦充电,公共站点,1.3元/度,1.3元/度,1.3--1.3--1.3--1.3--1.3--1.3--1.3--1.3--1.3--1.3--1.3--1.3--1.3--1.3--1.3--1.3--1.3--1.3--1.3--1.3--1.3--1.3--1.3--1.3,0.6元/度,4元/小时 (仅供参考，具体以场地方收取为准),121.199973,31.284865
10730,宝山宜家停车场,宝山区沪太路1818号,0,117,安悦充电,公共站点,1.23元/度,1.23元/度,1.23--1.23--1.23--1.23--1.23--1.23--1.23--1.23--1.23--1.23--1.23--1.23--1.23--1.23--1.23--1.23--1.23--1.23--1.23--1.23--1.23--1.23--1.23--1.23,0.57元/度,免费停车时间：8：30―22:30。收费时间：22:30―8:30，需一次性缴纳48元停车费。（停车费具体以场地方收取为准）,121.423897,31.295142
10731,龙湖北城天街,宝山区丹霞山路64号地下车库北区,0,88,安悦充电,公共站点,1.25元/度,1.25元/度,1.25--1.25--1.25--1.25--1.25--1.25--1.25--1.25--1.25--1.25--1.25--1.25--1.25--1.25--1.25--1.25--1.25--1.25--1.25--1.25--1.25--1.25--1.25--1.25,0.6元/度,停车费具体以场地方收取为准,121.366669,31.368122
10732,红娴汽修,奉贤区沪杭公路2246号大门进门左侧,2,0,安悦充电,公共站点,1.2元/度,1.2元/度,1.2--1.2--1.2--1.2--1.2--1.2--1.2--1.2--1.2--1.2--1.2--1.2--1.2--1.2--1.2--1.2--1.2--1.2--1.2--1.2--1.2--1.2--1.2--1.2,0.6元/度,停车费具体以场地方收取为准,121.450684,30.906016
10733,杨浦烟草,国顺东路388号,0,1,安悦充电,专用站点,0元/度,0元/度,0--0--0--0--0--0--0--0--0--0--0--0--0--0--0--0--0--0--0--0--0--0--0--0,0元/度,停车费具体以场地方收取为准,121.537211,31.30341
10734,奉贤宝龙,奉贤区航南公路5639号,0,114,安悦充电,公共站点,1.45元/度,1.45元/度,1.45--1.45--1.45--1.45--1.45--1.45--1.45--1.45--1.45--1.45--1.45--1.45--1.45--1.45--1.45--1.45--1.45--1.45--1.45--1.45--1.45--1.45--1.45--1.45,0.5元/度,停车费具体以场地方收取为准,121.469243,30.936782
10738,宝欣苑B6,宝山区天家路199弄,0,28,安悦充电,公共站点,1.2元/度,1.2元/度,1.2--1.2--1.2--1.2--1.2--1.2--1.2--1.2--1.2--1.2--1.2--1.2--1.2--1.2--1.2--1.2--1.2--1.2--1.2--1.2--1.2--1.2--1.2--1.2,0.6元/度,5元/天 (仅供参考，具体以场地方收取为准),121.344765,31.389443
10743,绿地缤纷城,东安路562号,0,29,安悦充电,公共站点,1.35元/度,1.35元/度,1.35--1.35--1.35--1.35--1.35--1.35--1.35--1.35--1.35--1.35--1.35--1.35--1.35--1.35--1.35--1.35--1.35--1.35--1.35--1.35--1.35--1.35--1.35--1.35,0.6元/度,8元/小时 (仅供参考，具体以场地方收取为准),121.463797,31.191006
10744,玲珑悦庭停车场,浦东新区临港新城云鹃路410弄,0,9,安悦充电,公共站点,0.75元/度,0.75元/度,0.75--0.75--0.75--0.75--0.75--0.75--0.75--0.75--0.75--0.75--0.75--0.75--0.75--0.75--0.75--0.75--0.75--0.75--0.75--0.75--0.75--0.75--0.75--0.75,0.6元/度,20元/天 (仅供参考，具体以场地方收取为准),121.931491,30.898958
10745,浦江高科技园,浦江高科技园新骏环路777号,4,7,安悦充电,公共站点,1.2元/度,1.2元/度,1.2--1.2--1.2--1.2--1.2--1.2--1.2--1.2--1.2--1.2--1.2--1.2--1.2--1.2--1.2--1.2--1.2--1.2--1.2--1.2--1.2--1.2--1.2--1.2,0.6元/度,停车费具体以场地方收取为准,121.532062,31.09492
10749,合景叠翠峰苑一期,嘉定区秋竹路618弄,0,39,安悦充电,公共站点,1.1元/度,1.1元/度,1.1--1.1--1.1--1.1--1.1--1.1--1.1--1.1--1.1--1.1--1.1--1.1--1.1--1.1--1.1--1.1--1.1--1.1--1.1--1.1--1.1--1.1--1.1--1.1,0.6元/度,5元/小时 (仅供参考，具体以场地方收取为准),121.226494,31.388454
10750,合景峰汇嘉苑停车场,嘉定区天祝路555弄合景峰汇嘉苑,0,40,安悦充电,公共站点,1.1元/度,1.1元/度,1.1--1.1--1.1--1.1--1.1--1.1--1.1--1.1--1.1--1.1--1.1--1.1--1.1--1.1--1.1--1.1--1.1--1.1--1.1--1.1--1.1--1.1--1.1--1.1,0.6元/度,5元/小时 (仅供参考，具体以场地方收取为准),121.265326,31.349796
10751,钻石碧云苑,浦东新区碧云路1166号,0,3,安悦充电,公共站点,1.2元/度,1.2元/度,1.2--1.2--1.2--1.2--1.2--1.2--1.2--1.2--1.2--1.2--1.2--1.2--1.2--1.2--1.2--1.2--1.2--1.2--1.2--1.2--1.2--1.2--1.2--1.2,0.6元/度,10元/小时 (仅供参考，具体以场地方收取为准),121.595415,31.248489
10752,前滩企业天地,上海市浦东新区济阳路158号,0,69,安悦充电,公共站点,1.2元/度,1.2元/度,1.2--1.2--1.2--1.2--1.2--1.2--1.2--1.2--1.2--1.2--1.2--1.2--1.2--1.2--1.2--1.2--1.2--1.2--1.2--1.2--1.2--1.2--1.2--1.2,0.6元/度,10元/时，5元/半小时,121.488494,31.16304
10754,名江七星城,东汉阳路309弄,0,10,安悦充电,公共站点,0.76元/度,0.76元/度,0.76--0.76--0.76--0.76--0.76--0.76--0.76--0.76--0.76--0.76--0.76--0.76--0.76--0.76--0.76--0.76--0.76--0.76--0.76--0.76--0.76--0.76--0.76--0.76,0.6元/度,5元/小时 (仅供参考，具体以场地方收取为准),121.500895,31.256844
10755,绿地科技中心停车场,沪太路2899号,2,30,安悦充电,公共站点,1.3元/度,1.3元/度,1.3--1.3--1.3--1.3--1.3--1.3--1.3--1.3--1.3--1.3--1.3--1.3--1.3--1.3--1.3--1.3--1.3--1.3--1.3--1.3--1.3--1.3--1.3--1.3,0.6元/度,6元/小时 (仅供参考，具体以场地方收取为准),121.416129,31.319853
10756,上坤上街,宝山区罗店镇祁北路77号,0,35,安悦充电,公共站点,1.35元/度,1.35元/度,1.35--1.35--1.35--1.35--1.35--1.35--1.35--1.35--1.35--1.35--1.35--1.35--1.35--1.35--1.35--1.35--1.35--1.35--1.35--1.35--1.35--1.35--1.35--1.35,0.6元/度,停车费具体以场地方收取为准,121.349848,31.42586
10757,上海财大科技园,杨浦区纪念路8号,0,28,安悦充电,公共站点,1.4元/度,1.4元/度,1.4--1.4--1.4--1.4--1.4--1.4--1.4--1.4--1.4--1.4--1.4--1.4--1.4--1.4--1.4--1.4--1.4--1.4--1.4--1.4--1.4--1.4--1.4--1.4,0.5元/度,5元/小时 (仅供参考，具体以场地方收取为准),121.499582,31.305074
10760,中外运敦豪（昌平路店）,昌平路990号,0,1,安悦充电,专用站点,0元/度,0元/度,0--0--0--0--0--0--0--0--0--0--0--0--0--0--0--0--0--0--0--0--0--0--0--0,0元/度,停车费具体以场地方收取为准,121.443491,31.239042
10761,中外运敦豪（锦绣路店）,锦绣路2150号,0,1,安悦充电,专用站点,0元/度,0元/度,0--0--0--0--0--0--0--0--0--0--0--0--0--0--0--0--0--0--0--0--0--0--0--0,0元/度,停车费具体以场地方收取为准,121.544141,31.207313
