id,名称,地址,交流桩数,交流桩数,运行商,电站类型,平均费用,各时段充电费用,各时段服务费用,停车费用,经度,纬度
0be44d9c-d1c9-4d8f-bee0-217c978d85b8,闵行区 永康城和康苑(直流),上海市闵行区永颂路299弄,2,0,星星充电,公共电站,1.45,0.65,0.8,1-8小时收费5元（仅供参考，具体以场地方收取为准),121.4992383762175,31.0323961820455
4117be4a-71ae-4103-9118-aabe9b2bbdfa,闵行区 闵行人民政府,(仅供内部使用)上海市闵行区沪闵路6258号,0,8,星星充电,专用电站,1.6,0.3--0.7--1.132--0.7--1.132--0.7--1.132--0.7--0.3,1.3--0.9--0.468--0.9--0.468--0.9--0.468--0.9--1.3,仅供内部使用（仅供参考，具体以场地方收取为准),121.38224017316851,31.112949468868226
83739d80-2e7e-440a-bfda-68c72b074c0b,浦东新区 天龙药业,上海市浦东新区川沙镇川沙路4019号,0,3,星星充电,公共电站,1.348,0.345--0.708--1.159--0.708--1.159--0.708--0.345,0.64--0.64--0.541--0.64--0.541--0.64--0.64,暂时免费（仅供参考，具体以场地方收取为准),121.69303952692064,31.209287604197044
d85ff535-a7d7-40ef-a986-7b5145ab9778,松江区 亭汇花苑(直流),上海市松江区沪松公路1480弄,0,0,星星充电,公共电站,1.441,0.641,0.8,充电车辆第1小时免费，第二小时起5元/小时，40元/天（仅供参考，具体以场地方为准）,121.31406235283926,31.137230383013996
c4e367cc-00c8-4cbc-bc4d-de3960b27b2e,浦东新区 临港公馆,上海市浦东新区竹柏路221号,0,2,星星充电,公共电站,1.84,1.2,0.64,免费（仅供参考，具体以场地方收取为准),121.91214352893991,30.900382617478964
518d0005-dad7-4efb-ba58-c7e322050dcf,浦东新区 国航航空公司,（不对外开放）上海市浦东新区机场基地二路8号进门左前方20米,0,2,星星充电,专用电站,1.8,1.2,0.6,仅供内部员工免费停车（仅供参考，具体以场地方收取为准),121.77743365219072,31.16383703017231
6d623e32-7a1a-4497-9eeb-348f0e29d855,嘉定区 汇景华庭二期(直流),上海市嘉定区嘉唐公路99弄,1,0,星星充电,公共电站,1.441,0.641,0.8,10元/辆（仅供参考，具体以场地方收取为准),121.23936416557832,31.39512032631949
0673aeca-4b5e-485d-a82c-8a787b5bf93d,嘉定区 万达城市公寓,上海市嘉定区鹤友路336弄地下车库,0,15,星星充电,公共电站,1.8277,1.1877,0.64,十元八小时（仅供参考，具体以场地方收取为准),121.32404632874346,31.23583214830909
8d63ca0a-e121-41c8-a68a-2fe397e6ccbc,奉贤区 应用技术学院(2区),上海市奉贤区奉炮公路1225号,0,5,星星充电,公共电站,1.25,0.61,0.64,免费（仅供参考，具体以场地方收取为准),121.514461148005,30.844070035337737
e86e77de-9291-4caf-9c48-fa786a121228,松江区 新凯家园一期,上海市松江区古楼公路1858弄,0,15,星星充电,公共电站,1.281,0.641,0.64,30分钟-1小时5元，1-8小时10元，8-24小时20元（仅供参考，具体以场地方收费为准）,121.23339924151337,31.106651169936498
a8489a11-1a59-4621-ba79-cacd89fed929,奉贤区 悠口园区,上海市奉贤区程普路377号,0,7,星星充电,公共电站,1.7,0.329--0.665--1.097--0.665--1.097--0.665--1.097--0.665--0.329,0.64--0.64--0.603--0.64--0.603--0.64--0.603--0.64--0.64,2元/小时（仅供参考，具体以场地方收费为准）,121.44000462253273,30.939599967035768
97bc8dbb-1ede-4ee7-a257-91d20baf24f5,闵行区 沪青平公路充电站(直流高低压兼容1区),上海市闵行区沪青平公路903号,0,0,星星充电,公共电站,1.5,0.5--0.9--1.3--0.9--1.3--0.9--0.5,0.6--0.6--0.6--0.6--0.6--0.6--0.6,2小时内免费；2-5小时，收费10元；5-8小时，收费20元；8-24小时，收费30元。（仅供参考，具体以场地方收费为准）,121.33358546978212,31.168851120799808
c96cbea4-165a-4365-ab8a-ef2dd9c982cb,浦东新区 上海惊竟汽车(直流),上海市浦东新区御衡路122号,1,0,星星充电,公共电站,1.7,0.9,0.8,暂免（仅供参考，具体以场地方收费为准）,121.58112060821625,31.153188728398185
45fd59fb-2843-4518-86a3-7ec253614637,浦东新区 万得大厦二期(直流),(不对外开放)上海市浦东新区浦明路1500号,1,0,星星充电,专用电站,1.959,0.345--0.708--1.159--0.708--1.159--0.708--1.159--0.708--0.345,0.8--0.8--0.8--0.8--0.8--0.8--0.8--0.8--0.8,10/小时（仅供参考，具体以场地方收取为准),121.51182022455612,31.21037446050909
dfe0a509-d5ea-4261-9c52-2dd18ba6bb27,浦东新区 宜浩家园一期100弄(直流),上海市浦东新区竹柏路100弄,1,0,星星充电,公共电站,1.62,0.54--1.02--0.54,0.6--0.6--0.6,免费（仅供参考，具体以场地方收费为准）,121.9130356628804,30.90485025818284
520631ac-dffa-4560-be04-ef47aaa8b30b,松江区 添行健科技园(直流),上海市松江区久富路228号,3,0,星星充电,公共电站,2.031,1.231,0.8,免费停车（仅供参考，具体以场地方收取为准),121.31702398411882,31.120741533312536
0c1962ff-5618-4f30-b99a-8a1bb6867940,松江区 新凯家园二期,上海市松江区新家园路128弄、30弄,0,36,星星充电,公共电站,1.141,0.641,0.5,第一小时免费，2-8小时5元，8-24小时内10元(仅供参考，具体以场地方收费为准),121.24089195210692,31.110198519387193
f6f695b6-3a9d-4552-bf1a-1c64e29ed185,浦东新区 万帮新能源汽车体验中心上川路店(直流),上海市浦东新区上川路1455号,1,0,星星充电,公共电站,1.54,1.5,0.04,免费（仅供参考）,121.66280459607523,31.277623328051398
e379885e-fc6e-4b96-a63e-f05c25c9e9a4,闵行区 久升农业科技有限公司,上海市闵行区江月路1188号5号楼,0,9,星星充电,公共电站,1.897,1.257,0.64,半小时内免费，超过半小时5元/每小时（仅供参考，具体以场地方收取为准),121.517620526979,31.08562177578182
401988e8-1a60-470d-adde-097de9a8357a,浦东新区 宜浩家园一期366弄,浦东新区竹柏路366弄,0,4,星星充电,公共电站,1.47,0.54--1.02--0.54,0.45--0.45--0.45,免费（仅供参考，具体以场地方收费为准）,121.90853848160238,30.9008723212995
e5c43851-e889-47dc-9bb1-bbaa486d2cfe,浦东新区 盛镛物联网科技(高压大巴专用),浦东新区宣秋路855号会龙寺对面,2,0,星星充电,公共电站,2.0,1.2,0.8,30分钟内不收费，超过半小时5元/小时，一天30封顶（仅供参考，具体以场地方收取为准),121.72793106793553,31.08999921138202
7e8bc298-54e9-4691-8b02-dc12c458608b,浦东新区 新云文化传媒投资,浦东新区施湾八路1026号院内西侧停车场,0,5,星星充电,公共电站,2.01,1.37,0.64,5元/小时（仅供参考，具体以场地方收取为准),121.77060928437368,31.136319388388873
04002713-979e-440e-bad1-db689b277fad,嘉定区 环球大厦(直流),上海市嘉定区沪宜公路1168号西南角,2,0,星星充电,公共电站,2.0,1.2,0.8,5元/小时（仅供参考，具体以场地方收取为准),121.30298009468302,31.295896166185557
a9d5a671-33f0-426c-a705-8e6892f6ea6a,嘉定区 金霞苑,嘉定区鹤霞路111弄34号地库,0,12,星星充电,专用电站,1.6,0.95,0.65,一小时免费，5元一天（仅供参考，具体以场地方收取为准),121.31731395685821,31.245847561765373
19d2827b-717d-4785-936e-0ced61d5f513,徐汇区 教育报刊总社,上海市徐汇区中山南二路151号内部地下停车场B1层,0,5,星星充电,专用电站,1.493,0.853,0.64,暂无（仅供参考，具体以场地方收费为准）,121.46651677274734,31.192148415901116
ac9561c9-da2e-4ece-8d8f-0256cfa89087,闵行区 君莲幸福苑二期(直流7区),上海市闵行区都会路2799弄,0,0,星星充电,公共电站,1.417,0.307--0.617--0.307,0.8--0.8--0.8,1-5小时5元，6小时以后10元 （仅供参考，具体以场地方收费为准）,121.40748575745332,31.07712839042975
319f6c64-0c42-49ba-9f94-5612b8cf0224,闵行区 马桥物业管理有限公司,上海市闵行区碧江路444号,0,4,星星充电,公共电站,1.706,1.066,0.64,10元/时（仅供参考，具体以场地方收取为准),121.39982535672004,31.013530404842594
3dc0f31b-3053-4c9f-83bc-a68f86965061,虹口区 中信广场B2(1区),上海市虹口区四川北路859号B2层36-44号,0,4,星星充电,公共电站,1.84,1.2,0.64,9元/小时（仅供参考，具体以场地方收费为准）,121.48624789873733,31.248300096345215
ffbe3388-a593-4f55-ba3c-38255d836e60,浦东新区 张江集电港,上海市浦东新区龙东大道3000弄11号楼,0,12,星星充电,专用电站,1.84,1.2,0.64,内部办卡（仅供参考，具体以场地方收取为准),121.63791254280022,31.223956998797494
50de6f41-4113-4875-9478-cba77447f4ed,闵行区 盒马鲜生(新荟城店),上海市闵行区莲花南路1388弄3F停车场,0,6,星星充电,公共电站,1.7,0.313--0.656--1.088--0.656--1.088--0.656--1.088--0.656--0.313,0.64--0.64--0.612--0.64--0.612--0.64--0.612--0.64--0.64,第一小时免费，第二小时起5元/小时，22:00-7:00停车免费（所有免费时段，仅凭充电小票免，早于或晚于规定时间进出，均按场地方标准收费）,121.41065209973159,31.100747907197373
bbcbf8cc-3502-4a88-b0c2-9db344572ff3,闵行区 德畅汽修(直流),上海市闵行区华漕镇华江路1368弄1228号,1,0,星星充电,公共电站,1.8,0.613--1.233--0.613,0.8--0.567--0.8,五元一小时（仅供参考，具体以场地方收取为准),121.32693064403202,31.226202357312545
39ab7294-d93b-44da-88a8-1115a56f95a7,浦东新区 心圆东苑(直流),上海市浦东新区华夏二路1455弄,3,0,星星充电,公共电站,1.55,0.75,0.8,一小时内免费，5元/天（仅供参考，具体已场地方收费为准）,121.69327385647222,31.174617295406307
a159e09f-4c19-4966-a0a2-844284acdb36,浦东新区 汤巷雅苑(直流）,上海市浦东新区环桥路1136弄16号楼前,0,0,星星充电,公共电站,1.8,1.0,0.8,1-8小时5元，8小时以上10元（仅供参考，具体以场地方收取为准),121.60555402577424,31.135490065384705
e8188a42-ecbd-4454-bb59-8d2ff53a5f38,闵行区 华翔路充电站(直流),闵行区华翔路3799弄16号,0,0,星星充电,公共电站,1.5,0.5--0.9--1.3--0.9--1.3--0.9--0.5,0.6--0.6--0.6--0.6--0.6--0.6--0.6,充电免费停车,121.30202595423248,31.22642134654767
e59a433b-3ab4-4bd3-83b3-156b071a9f1a,宝山区 大华虎城商务中心二期,宝山区大华一路大华虎城商务中心,0,3,星星充电,公共电站,1.806,1.166,0.64,6元/小时（仅供参考，具体以场地方收取为准）,121.414957698697,31.268890368952547
033d559d-4c2c-4cb5-a26b-9141037bb828,普陀区 海伦堡爱ME城市广场,嘉定区武威路与众仁路交汇口地下停车场1116至1138号停车位,0,20,星星充电,公共电站,1.84,1.2,0.64,,121.32543024616288,31.28999859553412
09b3ccb3-2041-4eca-a2e2-43b9ebcc1c38,浦东新区 上海泽文汽车维修有限公司,上海市浦东新区康梧路308号,0,4,星星充电,公共电站,1.34,0.264--0.7--1.132--0.7--1.132--0.7--0.264,0.64--0.64--0.568--0.64--0.568--0.64--0.64,免费（仅供参考，具体以场地方收费为准）,121.55267462168698,31.13060913110058
3176fee4-b844-43e0-b5f3-24f12ba806b3,浦东新区 华川家园,上海市浦东新区妙川路1111弄,0,10,星星充电,专用电站,1.303,0.663,0.64,1个小时内免费 12个小时之内5元（仅供参考，具体以场地方收取为准),121.72555914600979,31.210026256397253
8a1daf13-80a6-4732-9c89-33c52d022ced,金山区 金榜逸家(直流),上海市金山区朱泾镇健康路688弄,1,0,星星充电,专用电站,1.441,0.641,0.8,5元/天（仅供参考，具体以场地方收取为准),121.15929816891425,30.90544881713766
044f52f3-6084-4a02-b8a4-31081a6fdb8d,浦东新区 惠生工程中国(直流),(工作地对内开放)上海市浦东新区中科路699号地下车库D区,2,0,星星充电,专用电站,1.996,1.196,0.8,对内开放（仅供参考，具体以场地方收取为准),121.60006678183375,31.179818351647334
41f5f7e0-5804-4942-b4ce-f94094f891bc,浦东新区 秀怡苑二期,上海市浦东新区环桥路1137弄,0,6,星星充电,公共电站,1.64,1.0,0.64,首小时免费，5元/小时，10元/天 （仅供参考，具体以场地方收取为准),121.601661017089,31.135024747220513
39c44cf5-451c-408c-a9dd-a033f0b4f4c4,金山区 城西花苑,上海市金山区金山卫镇北泰路318弄57号楼前,0,10,星星充电,公共电站,1.29,0.65,0.64,2小时内免费，2~24小时5元（仅供参考，具体以场地方收取为准),121.31626571626451,30.73074058810657
3a914a70-3e54-465f-ac6d-e3dff14baaa5,浦东新区 古春苑,上海市浦东新区新环西路58弄,0,24,星星充电,公共电站,1.281,0.641,0.64,4小时内3元一小时，5小时以后5元一小时（仅供参考，具体以场地方收取为准),121.64069105426817,31.015617932647068
db8636fe-317f-4af3-b84b-ad71bc4b51f5,徐汇区 华星江淮4S店,上海市徐汇区虹梅南路608号,0,1,星星充电,公共电站,1.706,1.066,0.64,五元一小时（仅供参考，具体以场地方收取为准),121.41971988800987,31.13007468851703
7c0e8fa0-6778-41c6-a079-5b4ff5c6a88e,炫烨旅馆,上海市浦东新区惠南镇城东路759弄,0,0,人人电站,公共电站,0.0,0.0,0.0,,121.7621338693936,31.05015334381231
e538b901-64ea-4ced-a4fa-8ebc1caa1e96,奉贤区 企福科技园(直流),上海市奉贤区金汇镇金碧路585号进门左侧停车位,1,0,星星充电,公共电站,1.996,1.196,0.8,1小时内免费，1-2小时5元，2-3小时10元，3-12小时15元，12-24小时20元（仅供参考，具体以场地方收取为准),121.50979245356586,30.995163932774652
b4561130-65da-40fa-a718-322777467288,浦东新区 三林印象城东区,上海市浦东新区泰环路39号三林城市商业广场东区,0,6,星星充电,公共电站,1.7,0.264--0.7--1.132--0.7--1.132--0.7--1.132--0.7--0.264,0.64--0.64--0.568--0.64--0.568--0.64--0.568--0.64--0.64,暂时免费（仅供参考，具体以场地方收费为准）,121.52810781708239,31.14203444391677
99c36e80-8a31-4081-a94c-ae333bafd0bf,嘉定区 紫光睿智汽车,上海市嘉定区嘉安公路2115号( 嘉安公路路南的门店口),0,6,星星充电,公共电站,1.8,1.16,0.64,暂未核实停车费信息（仅供参考，具体以场地方收取为准),121.20634523055875,31.344930976262567
f58dbfe5-91e2-4fc9-8143-63b07f486a6f,闵行区 环镇西路6弄,上海市闵行区环镇西路6弄,0,5,星星充电,公共电站,1.281,0.641,0.64,10元/时（仅供参考，具体以场地方收费为准）,121.38989412590762,31.17690747161788
0ac0694b-2513-41f0-ae68-b584ff0e72db,上海聚汶仪器有限公司_联虹路,上海市长宁区联虹路92号高洁环卫停车场内（联虹路迎乐路交叉路口）,1,0,人人电站,专用电站,0.0,0.0,0.0,,121.3492883682208,31.205085155107355
36111780-c732-42b4-b1a2-8290be41bb20,松江区 添行健科技园,上海市松江区久富路228号,0,9,星星充电,公共电站,1.871,1.231,0.64,免费停车（仅供参考，具体以场地方收取为准),121.3170039266272,31.120666583537243
12394b77-caab-49ba-9818-3e324eed8e9a,闵行区 浦江瑞和城贰街坊二期,上海市闵行区汇延路59弄,0,25,星星充电,公共电站,1.74,1.1,0.64,5元/小时（仅供参考，具体以场地方收取为准),121.51378864131337,31.023518587779723
8af9789e-eebc-45d1-97ba-9b78b4d2f419,闵行区 浦江瑞和城贰街坊一期,上海市闵行区鲁宁路318弄,0,25,星星充电,公共电站,1.796,1.156,0.64,一小时五元（仅供参考，具体以场地方收取为准),121.51776284838655,31.022464691226695
00397bbf-3fb3-4bc9-8c5b-f53fefccafc4,浦东新区 华迈机械设备制造厂,上海市浦东新区金亭公路1070-1号院内,0,6,星星充电,公共电站,1.731,1.091,0.64,免费停车（仅供参考，具体以场地方收取为准),121.77237546067813,31.112844642062747
45bc0c7a-47e6-476c-8497-379264591a95,上海聚汶仪器有限公司_新春路144号,上海市闵行区新春路144号,1,0,人人电站,专用电站,0.0,0.0,0.0,,121.40641384161518,31.040984389411896
00e0f54c-774b-4724-88a3-8860d3640b1f,奉贤区 南行贤苑,上海市奉贤区万顺路2277弄,0,19,星星充电,公共电站,1.281,0.641,0.64,暂时免费（仅供参考，具体以场地方收取为准),121.514310914921,30.963544131799605
dba8c1c5-8710-41a6-acfd-8ffd2f27c074,杨浦区 上海市肺科医院,上海市杨浦区政民路507号,0,3,星星充电,公共电站,1.539,0.899,0.64,6元/小时（仅供参考，具体以场地方收取为准）,121.50664322346016,31.30576665025191
a74c695d-fcd0-4124-9b48-2c17c3af2f23,浦东新区 天马微电子园区三期(直流),上海市浦东新区汇庆路888号右转左转到底右侧,1,0,星星充电,专用电站,2.036,1.236,0.8,免费停车（仅供参考，具体以场地方收取为准),121.7092727942852,31.237966828209963
8e441f6d-f087-4897-b654-1b622bedbfc0,金山区 冬鼎汽车销售,上海市金山区中一东路81号(中一东路运石路路口东南侧),0,5,星星充电,公共电站,1.731,1.091,0.64,以实际收费为准（仅供参考，具体以场地方收取为准),121.4244030449335,30.793875967559654
7b689052-8a4a-4765-8966-b18076a34aa6,闵行区 凯龙莘庄商务园(直流),上海市闵行区申南路59号,2,0,星星充电,公共电站,1.985,1.185,0.8,5元一小时。8小时15，24小时30。（仅供参考，具体以场地方收取为准),121.39518941946737,31.077813730192553
8aa8ea13-dceb-42eb-8181-da2e2b0bdd4d,威马测试,测试,0,4,人人电站,公共电站,0.0,0.0,0.0,,119.96667579577672,31.693982381340827
b66bf5a5-932e-4f1b-a967-889ded08bf2c,浦东新区 高桥新城文化广场(直流),上海市浦东新区莱阳路4288弄地下停车库,5,0,星星充电,公共电站,1.62,0.4--0.82--1.35--0.82--1.35--0.82--0.4,0.8--0.8--0.45--0.8--0.45--0.8--0.8,第一小时免费，1小时以上按照5元/小时收费（仅供参考，具体以场地方收费为准）,121.57782753386667,31.337615324171257
d6093bdf-1094-4568-805c-a727c6a5d230,浦东新区 天马微电子园区一期,（不对外开放）上海市浦东新区汇庆路889号,0,9,星星充电,专用电站,1.876,1.236,0.64,免费停车（仅供参考，具体以场地方收取为准),121.71372663967091,31.23725685567654
4b5ab2ae-1513-4690-8c90-165b8fc2a806,杨浦区 广汽传祺民欣店,上海市杨浦区军工路1455号,0,2,星星充电,公共电站,1.7,0.4--0.708--1.159--0.708--1.159--0.708--1.159--0.708--0.4,0.64--0.64--0.541--0.64--0.541--0.64--0.541--0.64--0.64,晚19点至早7点10元/次（仅供参考，具体以场地方收取为准),121.54551996787904,31.309340849545332
cb70afdb-a9f6-401a-a4c0-bafd2f2121a9,奉贤区 苏宁生活广场,上海市奉贤区南奉公路7500号,0,17,星星充电,公共电站,1.7,0.495--0.858--1.159--0.858--1.159--0.858--1.159--0.858--0.495,0.64--0.64--0.541--0.64--0.541--0.64--0.541--0.64--0.64,5元/小时（仅供参考，具体以场地方收费为准）,121.4899017561388,30.918870387788502
efff7e55-5003-466d-95a4-ecbdae2f3bac,闵行区 君莲幸福苑二期(直流10区),上海市闵行区都会路2799弄,0,0,星星充电,公共电站,1.417,0.307--0.617--0.307,0.8--0.8--0.8,1-5小时5元，6小时以后10元 （仅供参考，具体以场地方收费为准）,121.4098738971489,31.07850581035723
570768b4-93cd-4a07-afcd-b4b1d340087f,闵行区 虹梅新苑,上海市闵行区永德路369弄进门直行200米到底右侧,0,19,星星充电,公共电站,1.61,1.16,0.45,5元/时（仅供参考，具体以场地方收取为准),121.45938147269585,31.039700270431215
529d3d8b-b802-45ef-a094-4ef2503e59a0,浦东新区 南汇府航汽车修理(直流),上海市浦东新区大川公路2657号,0,0,星星充电,公共电站,1.891,1.091,0.8,免费停车（仅供参考，具体以场地方收取为准),121.73520478135364,31.039026201499816
bfd0abed-c9da-46e1-ab81-ba6c06fdd233,嘉定区 环球大厦,上海市嘉定区沪宜公路1168号,0,4,星星充电,公共电站,1.84,1.2,0.64,5元/小时（仅供参考，具体以场地方收取为准),121.30265172688277,31.296223034800747
7ad2e478-7182-4ba8-a6e4-2badec7034d2,浦东新区 沪南公路8999号充电站(直流高低压兼容),上海市浦东新区沪南公路8999号6号门,0,0,星星充电,公共电站,1.5,0.4--0.8--1.2--0.8--1.2--0.8--0.4,0.7--0.7--0.7--0.7--0.7--0.7--0.7,免费,121.70384702819743,31.037328492206147
a266b4f5-3794-4d2f-b27d-9187f63a2a66,奉贤区 南行贤苑(专用开放),上海市奉贤区万顺路2277弄,0,10,星星充电,专用电站,1.281,0.641,0.64,暂时免费（仅供参考，具体以场地方收取为准),121.51508634560919,30.962730047442676
b4056770-1722-4849-a039-f6e745f6ced3,浦东新区 城置广场(直流高低压兼容),上海市浦东新区浦三路3801号,0,0,星星充电,公共电站,1.8,1.4,0.4,15分钟内免费，5元/15分钟-1小时，10元/1-2小时，封顶15元 （仅供参考，具体以上地方收费为准）,121.5487654705181,31.13152532315349
cab2e207-0d80-4175-88d5-624561dd2c8c,奉贤区 佳源梦想广场,上海市奉贤区金海公路99弄,0,3,星星充电,公共电站,1.34,0.264--0.7--1.132--0.7--1.132--0.264,0.64--0.64--0.568--0.64--0.568--0.64,一小时免费，1-8小时收费五元，8-24小时10元；包月300元,121.51273980375977,30.84811748654785
a956e279-6136-4bb1-81f4-100a7ca646e4,杨浦区淞沪路政通路路口停车库二楼,杨浦区淞沪路政通路路口停车库二楼,0,4,人人电站,专用电站,0.0,0.0,0.0,,121.51946660295422,31.302194517393957
77173eca-ad91-41f4-8f2e-302abb5cce58,宝山区 广汽传祺弘品店(直流),上海市宝山区月罗公路1563号,0,0,星星充电,公共电站,1.8,0.489--1.019--0.489,0.8--0.781--0.8,免费（仅供参考，具体以场地方收费为准）,121.3749630173988,31.417281580596182
da5106f3-29a0-401f-88dc-33f793557789,闵行区 贵都新村(直流),上海市闵行区都市路3635弄38号,1,0,星星充电,专用电站,1.745,0.945,0.8,5元/小时（仅供参考，具体以场地方收取为准),121.40149121626635,31.081918768606933
4e458c57-e106-4ffa-a48a-d9f095f753e8,徐汇区 龙南佳苑住宅区,上海市徐汇区龙水南路330号,0,20,星星充电,公共电站,1.281,0.641,0.64,,121.45339723318493,31.153214860278446
25c99748-b4ae-4114-be95-79bb75e21250,浦东新区 东方悦居(直流),(仅供内部使用)上海市浦东新区杨思路1121弄,0,0,星星充电,专用电站,1.441,0.641,0.8,4元/小时（仅供参考，具体以场地方收取为准),121.50490417814383,31.16465596172735
a7deed5d-e178-414f-bfd5-fcccde361a75,闵行区 万博家园,上海市闵行区北华路168弄,0,38,星星充电,公共电站,1.281,0.641,0.64,5元/小时（仅供参考，具体以场地方收取为准),121.32914598224764,31.228162427707375
c0dde94f-d585-4c47-ad7b-5d6dda8c0a7a,长宁区 虹桥迎宾馆(直流 专用开放),(工作地对内开放)上海市长宁区虹桥路1591号,1,0,星星充电,专用电站,1.9,1.1,0.8,20元/小时（仅供参考，具体以场地方收取为准）,121.39823334305251,31.200985398863317
504cf5ae-a7c7-41b7-b3a6-1b37aedde79a,浦东新区 惊竟租赁二期(直流),上海市浦东新区御衡路48号,1,0,星星充电,公共电站,1.7,0.9,0.8,暂免（仅供参考，具体以场地方收费为准）,121.58322350183788,31.153689750440456
73a66750-5e20-4bf8-be30-25cab49eb4fe,浦东新区 东方悦居,(仅供内部使用)上海市浦东新区杨思路1121弄,0,15,星星充电,专用电站,1.281,0.641,0.64,4元/小时（仅供参考，具体以场地方收取为准),121.50489910072028,31.16441996783104
ae2a3935-cccb-4670-9b54-7e147c817bfc,浦东新区 上海市浦东新区金杨社区卫生服务中心,(仅对内开放)上海市浦东新区金杨路121号,0,0,星星充电,专用电站,1.404,0.954,0.45,免费停车（仅对内开放，仅供参考，具体以场地方收取为准),121.57320834659279,31.24689925109701
7948c3c0-66ae-4011-810c-0b54eff21277,闵行区 永康城永锦苑(直流),上海市闵行区永颂路198弄,2,0,星星充电,公共电站,1.6,0.8,0.8,1-8小时收费5元（仅供参考，具体以场地方收取为准),121.50193323215827,31.02936872268525
9bed12cf-ff6b-47e6-b642-fe9b88d72d66,浦东新区 天龙药业(直流),上海市浦东新区川沙镇川沙路4019号,2,0,星星充电,公共电站,1.508,0.345--0.708--1.159--0.708--1.159--0.708--0.345,0.8--0.8--0.641--0.8--0.641--0.8--0.8,暂时免费（仅供参考，具体以场地方收取为准),121.69303952692064,31.209287604197044
b46b4469-e1f9-4dce-bdde-c44d4311ece1,浦东新区 上海东锦江希尔顿逸林酒店(直流),上海市浦东新区锦康路356号地下车库,0,0,星星充电,公共电站,2.03,1.23,0.8,15分钟内免费，一小时内10元，两小时内15元，之后每小时加5元，过夜60元，24小时之内最高收取停车费60元（仅供参考，具体以场地方收取为准),121.53374936041973,31.211302228536848
c2ac3248-2fb5-444a-b537-8b497a7e02f8,闵行区 虹梅南苑(直流),上海市闵行区虹梅南路1728弄进门右侧停车位,1,0,星星充电,公共电站,1.44,0.84,0.6,1小时内免费，1~8小时5元（仅供参考，具体以场地方收取为准),121.42897085424062,31.11232548391508
ff6b0566-5203-4c79-a220-d52120d8c034,闵行区 金榜新苑(直流),上海市闵行区都市路1800弄,0,0,星星充电,公共电站,1.55,0.75,0.8,12小时之内5元/次，超过部分加收5元，最高10元/天（仅供参考，具体以场地方收费为准）,121.41469636390792,31.05748665089379
cb3f3280-00c5-4390-80a0-6a9ac301a77a,松江区 玩酷天地广场,上海市松江区环城路555号楼后面,0,6,星星充电,公共电站,1.94,1.3,0.64,0.5～1小时4元，1～3小时6元，3～5小时10元（仅供参考，具体以场地方收取为准),121.25401004495126,31.00961995577658
cbeba7d0-1a44-47bd-b874-56706b7a0867,闵行区 浦江瑞和城贰街坊二期(直流),上海市闵行区汇延路59弄,2,0,星星充电,公共电站,1.9,1.1,0.8,5元/小时（仅供参考，具体以场地方收取为准),121.51572023931347,31.021526337122513
bbd717b0-4a95-4b6e-ba1d-12ff4c7ac9a8,浦东新区 盛大天地源创谷(直流),上海市浦东新区盛荣路88弄7号,10,0,星星充电,公共电站,1.465,0.329--0.665--1.097--0.665--1.097--0.665--0.329,0.8--0.8--0.703--0.8--0.703--0.8--0.8,5元/小时,121.60570352799107,31.17275485674858
e866b780-27d4-48c8-aefa-427eac9503f4,闵行区 虹桥文化中心,闵行区虹桥镇万源路2800号地下车库14至21号车位,0,3,星星充电,专用电站,1.7,0.345--0.708--1.159--0.708--1.159--0.708--1.159--0.708--0.345,0.64--0.64--0.541--0.64--0.541--0.64--0.541--0.64--0.64,仅供参考，已场地方实际收取为准,121.38666018560703,31.173969426632844
a40aaa00-2e11-4389-abc3-3e5f9d180891,宝山区 宝华盛世花园(直流),上海市宝山区月川路33弄,2,0,星星充电,公共电站,1.923,1.123,0.8,白天一天5元，过夜10元（仅供参考，具体以场地方收取为准),121.40634622306573,31.448161709693842
f02347e4-05bc-4e7b-a754-6b27af2ceaa5,普陀区 家乐福武宁店,上海市普陀区武宁路20号一层停车场到底,0,4,星星充电,公共电站,1.99,1.35,0.64,8元每小时，8小时以上68元（仅供参考，具体以场地方收取为准),121.42828216883136,31.23612209303889
65e93cc1-16fc-417f-a773-7c22dc2b5f51,闵行区 君莲幸福苑二期(直流5区）,上海市闵行区都会路2799弄,0,0,星星充电,公共电站,1.417,0.307--0.617--0.307,0.8--0.8--0.8,1-5小时5元，6小时以后10元 （仅供参考，具体以场地方收费为准）,121.4098738971489,31.07850581035723
943ce824-14a2-4bec-8c1e-c135c87197f2,浦东新区 唐镇中芯花园(2区),上海市浦东新区南曹路1117弄地下车库10号到20车位,0,9,星星充电,专用电站,1.39,0.75,0.64,免费（仅供参考，具体以场地方收费为准）,121.66535845614558,31.206552177406348
532a12df-9526-469d-af35-e8e9af8d4503,金山区 御龙景苑,上海市金山区龙皓路111弄,0,20,星星充电,专用电站,1.585,0.945,0.64,仅供小区内部开放（仅供参考，具体以场地方收取为准),121.35485365103861,30.759745974706732
a4df424c-86a9-400e-8180-5fe667fefa0d,浦东新区 佳雨汽车服务,上海市浦东新区川南奉公路3727号,0,4,星星充电,公共电站,1.731,1.091,0.64,免费停车（仅供参考，具体以场地方收取为准),121.75941763148694,31.144779655649973
155e3dcb-5c35-46f3-9708-aed603b839e4,浦东新区 睿家汽车(直流高低压兼容),上海市浦东新区上川路1455号,2,0,星星充电,公共电站,1.64,1.2,0.44,免费（仅供参考，具体以场地方收费为准）,121.663047619045,31.277774734926755
05d6174d-0bee-4b2f-83e2-10a40d060ce7,宝山区 顾村大家园D块,上海市宝山区顾北东路188弄,0,58,星星充电,公共电站,1.281,0.641,0.64,5元/次（仅供参考，具体以场地方收取为准),121.41327746021453,31.358121222386412
956b962d-6de8-4b8c-b70b-25d5afc6e908,浦东新区 鹏裕苑二期(地下室直流),上海市浦东新区莲溪路1099弄,0,0,星星充电,公共电站,1.52,0.72,0.8,1小时内免费，1-2小时10元，2-24小时20元（仅供参考，具体以场地方收取为准),121.5664110607911,31.175130754013594
79a58e5c-9071-407f-8045-7e4792f12cd3,奉贤区 南行贤苑(直流 专用开放),上海市奉贤区万顺路2277弄,1,0,星星充电,专用电站,1.441,0.641,0.8,暂时免费（仅供参考，具体以场地方收取为准),121.51432934717671,30.96317299144843
37206d1f-51f8-4122-b488-d843d26c5a83,嘉定区 阳光葡提公馆(直流),上海市嘉定区马陆镇宝乐路58弄134~137,2,0,星星充电,专用电站,2.04,1.24,0.8,5元/小时（仅供参考，具体以场地方收取为准),121.28938141187496,31.33108478355549
63028335-54ec-41cb-81f5-69f67dc8db7a,浦东新区 南华新村,上海市浦东新区浦三路4688弄,0,10,星星充电,公共电站,1.6,1.15,0.45,5元/小时（仅供参考，具体以场地方收取为准),121.54955159568898,31.121164114400965
f6fa7432-0ec2-4cdb-ab76-130ddd8ab861,浦东新区 谷微假日酒店,浦东新区南祝公路5255号,0,12,星星充电,公共电站,1.836,1.196,0.64,免费停车（仅供参考，具体以场地方收取为准),121.75859781504437,31.106478365840395
be1debbc-6b1d-4336-b3e1-bbf60b07a32f,闵行区 陶家湾休闲农庄,上海市闵行区浦江镇永南路2018号,0,9,星星充电,公共电站,1.766,1.126,0.64,免费停车（仅供参考，具体以场地方收取为准),121.50893925592798,31.00635518973042
b954e1ae-5edb-4f66-bb40-45cfdae66a73,嘉定区 悠活城商业B块,上海市嘉定区11号线嘉定西站西区地下车库A区,0,43,星星充电,公共电站,2.14,1.5,0.64,表明充电身份，0-1h，免费；1-24h，10元/次；24-次日，20h/次（仅供参考，具体以场地方收取为准),121.22753875861831,31.377592459761164
b7aab1cc-cef0-4693-95ae-c99c2a25a048,浦东新区 国航航空公司(直流),（不对外开放）上海市浦东新区机场基地二路8号进门左前方20米,3,0,星星充电,专用电站,1.8,1.2,0.6,仅供内部员工免费停车（仅供参考，具体以场地方收取为准),121.77760945271478,31.163860937258374
46b81153-97e0-4eb0-aa61-12ad0f2fff27,闵行区 星品宝黎汽车店(直流),上海市闵行区黎安1399弄22号,1,0,星星充电,公共电站,1.83,0.7--1.3--0.7,0.6--0.53--0.6,,121.3511670820683,31.12126651852676
db4f00ad-2270-4fbc-8768-4611c3bdbb30,金山区 金康花苑,上海市金山区金山卫镇南阳湾路1288号地下车库南侧停车位,0,10,星星充电,公共电站,1.29,0.65,0.64,5元/时（仅供参考，具体以场地方收取为准),121.31228932967144,30.73881369549728
bf4959cf-509a-43e2-950b-4a88aa5d9640,奉贤区 九华新园,上海市奉贤区国顺路369弄进门10米,0,5,星星充电,公共电站,1.281,0.641,0.64,2-10小时5元/时，10-20小时10元/时（仅供参考，具体以场地方收取为准),121.46006962404036,30.93210977654203
ad358deb-e614-402f-8755-ac2944c4f684,泽满新能源科技达秀,上海市浦东新区达秀路151号,0,0,人人电站,专用电站,1.8,1.2--1.2--1.2,0.3--0.6--0.3,0元,121.65377091378352,31.23712417648201
6ef0a2f8-0330-4ff7-ae01-6f8db33a1668,长宁区 千禧海鸥大酒店(直流),上海市长宁区延安西路2588号,4,0,星星充电,公共电站,2.031,1.231,0.8,10元一小时（仅供参考，具体以场地方收取为准）,121.39470173467468,31.1975703519595
d0c4dbc6-5ba9-4eb6-8d6e-75d6f5d02d13,宝山区 淞南阳光家园(直流),上海市宝山区淞南路388号,0,0,星星充电,公共电站,1.924,1.124,0.8,暂时免费（仅供参考，具体以场地方收取为准),121.4905140108531,31.346995432962274
b10275ed-0ebf-4bda-bff1-03446c245bd8,浦东新区 深水港商务广场(直流高低压兼容),上海市浦东新区顺通路5-9C楼地面停车场,2,0,星星充电,公共电站,1.556,0.513--0.756--1.188--0.756--1.188--0.756--0.513,0.8--0.8--0.612--0.8--0.612--0.8--0.8,前2小时停车免费，超过免费时间1-3小时收费5元，3-10小时收费10元，10-16小时收费15元，16-22小时收费30元，全天封顶30元,121.88270755449753,30.876947713883037
88d17a7c-1f12-477c-9bee-454418e9f379,奉贤区 应用技术学院(1区),上海市奉贤区奉炮公路1225号,0,5,星星充电,公共电站,1.25,0.61,0.64,免费（仅供参考，具体以场地方收取为准),121.51321434566651,30.843879874553952
487f6d30-a613-4bb5-ab8d-567fd4309275,浦东新区 瑞阳苑,上海市浦东新区瑞意路428弄进门左转地下车库右侧01-04、07停车位,0,5,星星充电,公共电站,1.281,0.641,0.64,二十四小时五元（仅供参考，具体以场地方收取为准),121.58789686548671,31.09450155346794
9de5717c-384a-4382-a3e8-bb45bf6a7a46,金山区 老西门花苑,上海市金山区金山卫镇板桥西路2155弄77号楼旁,0,5,星星充电,公共电站,1.74,1.29,0.45,5元8小时（仅供参考，具体以场地方收取为准),121.30662089127463,30.725086220042453
d7802573-c117-42f6-b2b5-a75b3d49b1e4,长宁区 千禧海鸥大酒店,上海市长宁区延安西路2588号,0,20,星星充电,公共电站,1.871,1.231,0.64,10元/1小时(仅供参考，具体以场地方收取为准),121.39509106625921,31.19757512962978
d3101f55-3eb4-4a3b-a2fd-688ea6c624d6,奉贤区 奉浦二村,上海市奉贤区韩村路173弄11栋楼和12栋楼之间,0,6,星星充电,公共电站,1.28,0.83,0.45,5元/天（仅供参考，具体以场地方收取为准),121.46151107319064,30.93959264470443
31a330af-0c9c-4387-8dfc-d81c680badd2,徐汇区 上海铁路运输法院(直流),上海市徐汇区石龙路555号,1,0,星星充电,专用电站,0.72,0.0,0.72,仅内部专用,121.43646405459879,31.1540776993264
e74f74c2-d799-4a68-828f-5c729fc34a15,闵行区 永康城星华园,上海市闵行区盐铁塘路565弄(星华园正门进门直行),0,50,星星充电,公共电站,1.31,0.67,0.64,5元/小时（仅供参考，具体以场地方收取为准),121.50372695676324,31.033384416798025
8428eeb3-8b43-41ad-808f-c1773733a931,闵行区 瑞和华苑二期,上海市闵行区闵驰一路299弄9号楼前29～40号停车位,0,12,星星充电,公共电站,1.74,1.1,0.64,1～8小时五元，8～24小时十元（仅供参考，具体以场地方收取为准),121.54089557365214,31.039377387088866
940e58e9-66c6-4537-b8c6-72cda0e9404c,闵行区 两湾新苑小区(直流高低压兼容),上海市闵行区莘朱路718弄,4,0,星星充电,公共电站,1.48,0.68,0.8,每小时5元（仅供参考，具体以场地方收费为准）,121.39465492326687,31.11290606781982
9a4593ce-731b-43d2-aa3a-b6ab28b05baf,金山区 途安假日酒店增桩（交流）,金山区亭林镇亭学路109弄22号,0,5,星星充电,公共电站,1.166,1.166,0.0,免费,121.3193908541549,30.890680051670053
fa04aab6-2316-4950-b39e-eb05442e2ee4,闵行区 永康城佳兴苑,上海市闵行区永跃路782弄东、南侧停车位,0,38,星星充电,公共电站,1.44,0.8,0.64,5元/小时（仅供参考，具体以场地方收取为准),121.51220698544324,31.033871688977495
2c6e3672-aa73-4001-9261-a528c1882457,闵行区 华翔路3799弄(临时桩),上海市闵行区华翔路3799弄,0,1,星星充电,专用电站,1.56,0.65--1.11--0.65,0.45--0.45--0.45,免费（仅供参考，具体以场地方收费为准）,121.30050766747347,31.22720427953329
3806b92a-98c7-437f-ad08-6e00612a7275,宝山区 大华第一坊(直流),上海市宝山区真华路950号,2,0,星星充电,公共电站,1.996,1.196,0.8,6元/时（仅供参考，具体以场地方收取为准),121.41393100050206,31.272660220912723
6628be47-02a2-4b76-a181-1de1e744e987,国兴实业,上海市闵行区华漕镇联友路88弄1-7号,0,0,人人电站,公共电站,0.0,0.0,0.0,,121.26857763746054,31.229284307961738
3533f3be-ca2d-4bbe-b6a6-c0b49d71bb2c,杨浦区 复旦软件园,上海市杨浦区隆昌路588号B1A区,0,18,星星充电,公共电站,1.99,1.35,0.64,7元/小时，24小时最高限价50元(仅供参考，具体以场地方收取为准),121.54297876069673,31.27530955051046
23769a30-87df-4d8f-a577-eaea4d5e6244,嘉定区 汇景华庭一期(地下),上海市嘉定区平城路1000弄,0,10,星星充电,专用电站,1.281,0.641,0.64,10元/辆（仅供参考，具体以场地方收取为准),121.24300187928112,31.39474306475977
a8fcff01-1985-46e5-9d0b-9f52ed714ccf,浦东新区 杨思派出所(直流),上海市浦东新区板泉路333号,0,0,星星充电,专用电站,0.75,0.0,0.75,免费（仅供参考，具体以场地方收费为准）,121.49362986546726,31.15774177329398
84e71222-6198-4462-a4ca-bdccea4895e3,浦东新区 侨尚汽车(直流高低压兼容),上海市浦东新区建林路81号,1,0,星星充电,公共电站,1.877,1.077,0.8,免费停车（仅供参考，具体以场地方收取为准),121.58080071510173,31.088657231389114
6a908544-2cff-49d5-aae9-b14c49ae84ff,松江区 航天九亭园区充电站(直流高低压兼容1区),上海市松江区九泾路1000号,0,0,星星充电,公共电站,1.465,0.329--0.665--1.097--0.665--1.097--0.665--0.329,0.8--0.8--0.703--0.8--0.703--0.8--0.8,充电车辆凭场地方提供充电时长小票（及充电结束时间后半小时内）免费，超出时间按10元/小时！注意车辆单次充电时间不得超过3小时！（仅供参考，具体以场地方收费为准）,121.29047231190326,31.14605071215125
d85ea927-9b7d-4c7d-9d2f-8a2a1055b736,徐汇区 龙南佳苑商业区(直流),上海市徐汇区龙水南路330号,2,0,星星充电,公共电站,1.465,0.329--0.665--1.097--0.665--1.097--0.665--0.329,0.8--0.8--0.703--0.8--0.703--0.8--0.8,10元/小时 （仅供参考，具体以场地方收费为准）,121.45339723318493,31.153214860278446
37613604-60d1-4132-972e-26478f0d36a8,闵行区 永康城颂和苑(直流),上海市闵行区永颂路455弄13栋楼右边,1,0,星星充电,公共电站,1.45,0.65,0.8,5元/小时（仅供参考，具体以场地方收取为准),121.50002260716937,31.033805618163857
8b310354-708a-40ba-8c2d-c532dfd70f26,浦东新区 船厂技工学校(直流高低压兼容),上海市浦东新区陈邵路100号,2,0,星星充电,公共电站,1.653,0.853,0.8,暂时免费（仅供参考，具体以场地方收费为准）,121.63352306688441,31.28775947885769
4e2686ea-b302-485e-8d75-53f618a65da5,浦东新区 绿地云悦坊,上海市浦东新区川沙路秀川路绿地东海岸,0,34,星星充电,公共电站,1.8222,1.1822,0.64,1小时内免费，7元/小时（仅供参考，具体以场地方收取为准),121.70041630715897,31.181183469808698
c6a1dd7d-683e-461c-873b-6ef4f7b203cf,长宁区 兴国宾馆(3区),上海市长宁区兴国路78号,0,4,星星充电,专用电站,1.84,1.2,0.64,10元/小时（仅供参考，具体以场地方收费为准）,121.43567744581732,31.209665841539955
eaf1fe56-40ea-4da1-b033-a9b185699aa3,青浦区 五天产业园中国梦谷,上海市华徐公路888号进门左转100米,0,10,星星充电,公共电站,1.836,1.196,0.64,5元/小时（仅供参考，具体以场地方收取为准),121.2660397499807,31.19978137862974
a58fea82-1972-49d5-8aca-867af48a3daa,奉贤区 应用技术学院(直流2区),上海市奉贤区奉炮公路1225号,2,0,星星充电,公共电站,1.41,0.61,0.8,免费（仅供参考，具体以场地方收取为准),121.50957986489081,30.844488773408322
c13ad848-a412-41c1-9034-ef9077e17d83,浦东新区 家乐福张江店二期,上海市浦东新区高科中路2860号,0,6,星星充电,公共电站,1.99,1.35,0.64,3元/小时（仅供参考，具体以场地方收费为准）,121.63729687939374,31.203776371462013
260b00dc-414b-4822-a2a5-e893af6a1cab,浦东新区 东方康德家园一期(地下车库),上海市浦东新区林德路718弄,0,11,星星充电,专用电站,1.281,0.641,0.64,1小时以后全天4元（仅供参考，具体以场地方收取为准),121.51016907480727,31.129144443002527
2bbc13fa-0cbd-4c6b-8aa3-1b6223b6fe9e,盒马鲜生（新荟城店）,上海市闵行区莲花南路1388弄3F停车场,0,0,星星充电,公共电站,0.656,0.656,0.0,,121.41161403785482,31.100168760306563
9588e75a-c779-457f-8100-0511d9eb87ec,宝山区 ]和阳光广场,上海市宝山区宝杨路3003号,0,8,星星充电,公共电站,1.44,0.6--0.8--1.35--0.8--1.35--0.8--0.6,0.64--0.64--0.35--0.64--0.35--0.64--0.64,6元/小时(仅供参考，具体以场地方收取为准),121.44521870458482,31.377619198393877
14ce742f-1773-4e3b-b517-9d0b41fb3b43,金山区 钟楼新村,上海市金山区朱泾镇秀州街451号钟楼新村82号,0,2,星星充电,公共电站,1.33,0.52--0.88--0.52,0.45--0.45--0.45,暂时免费（仅供参考，具体以场地方收取为准),121.17242472913135,30.901985756084866
d9b5276d-7a84-42c2-bc58-9e729ca8d727,宝山区 钢博会(直流),上海市宝山区业绩路8号,3,0,星星充电,公共电站,1.85,1.05,0.8,首小时免费，3元/小时（仅供参考，具体以场地方收费为准）,121.35553029968804,31.301250318551592
b9a7cc9c-6035-449f-8fa0-0f2a38107d4a,闵行区 沪青平公路充电站(直流高低压兼容2区),上海市闵行区沪青平公路903号,0,0,星星充电,公共电站,1.5,0.5--0.9--1.3--0.9--1.3--0.9--0.5,0.6--0.6--0.6--0.6--0.6--0.6--0.6,2小时内免费；2-5小时，收费10元；5-8小时，收费20元；8-24小时，收费30元。(仅供参考，具体以场地方收取为准),121.33361736796371,31.16885151708397
31d13936-d5b1-4965-a06f-f8def6539f62,闵行区 永康城颂和苑,上海市闵行区永颂路455弄,0,36,星星充电,公共电站,1.29,0.65,0.64,5元/小时（仅供参考，具体以场地方收取为准),121.49987002037466,31.03413560280175
1a42b6e4-6095-4294-83ac-bb3b4f7e506e,浦东新区 绿地云悦坊(直流),上海市浦东新区川沙路秀川路绿地东海岸,3,0,星星充电,公共电站,1.9822,1.1822,0.8,1小时内免费，7元/小时（仅供参考，具体以场地方收取为准),121.70042734172866,31.181038674829658
146f884d-acc5-4fe5-bee9-9660c400c74c,长宁区 兴国宾馆(1区),上海市长宁区兴国路78号,0,2,星星充电,专用电站,1.84,1.2,0.64,1个小时10元，2个小时20元。半天30，一天60（仅供参考，具体以场地方收费为准）,121.43567744581732,31.209665841539955
02ee0324-95b0-4b2d-823a-beb187242f32,浦东新区 盛世联弈苑,航城三路675弄85号地下车库73号楼对面,0,6,星星充电,专用电站,1.281,0.641,0.64,（仅供参考，具体以场地方收取为准),121.75319763255469,31.152371661501103
e12ee21b-2d9b-4dca-804a-d7c92849aa5d,徐汇区 市委党校第三分校,(工作地仅对内开放)上海市徐汇区虹漕南路123号进门20米右侧,0,2,星星充电,专用电站,1.836,1.196,0.64,不对外开放（仅供参考，具体以场地方收取为准),121.4132512754522,31.161706434468268
a8d815a8-e207-4cd8-b145-d96b8b4e29ce,浦东新区 贝思特厂区,上海市浦东新区航帆路3号,0,6,星星充电,公共电站,1.305,0.329--0.665--1.097--0.665--1.097--0.665--0.329,0.64--0.64--0.603--0.64--0.603--0.64--0.64,免停车费(仅供参考，具体以场地方收费为准),121.61656627660655,31.027346023023927
7dd40fc5-cb47-4766-b030-a26672a73ccb,金山区 金玉豪庭,上海市金山区朱泾镇众安街928弄,0,20,星星充电,专用电站,1.281,0.641,0.64,仅对内开放,121.16045144018243,30.8905419677825
55c73a76-34bf-4922-9f43-1ec2ac8c027a,闵行区 万缘汽修(直流),上海市闵行区龙吴路5055号院内,0,0,星星充电,公共电站,1.9,1.1,0.8,免费（仅供参考，具体以场地方收取为准),121.46297050124399,31.05994327271482
760c2a89-f391-4ee5-9355-9b623412e5d3,金山区 上海耀发水产养殖专业合作社,上海市金山区漕泾镇长埝路2059号,0,2,星星充电,公共电站,1.4,0.76,0.64,免费停车（仅供参考，具体以场地方收取为准),121.3925370533357,30.82468739246968
eea408c8-0c14-45ff-b9e3-7a5e46f627a0,浦东新区 宣桥枫庭,上海市浦东新区人民西路1955弄,0,6,星星充电,公共电站,1.257,0.307--0.617--0.307,0.64--0.64--0.64,第一小时免费，5元/1-8小时，10元/8-24小时 （仅供参考，具体以场地方收费为准）,121.71872011965331,31.048244285582978
09d12055-6cea-430a-aeae-baa638cf7dfa,浦东新区 凯龙南汇商务园,上海市浦东新区宣黄公路2300号,0,14,星星充电,公共电站,1.98,1.34,0.64,4元/小时，充电登记车辆及个人信息（仅供参考，具体以场地方收取为准),121.72590433927137,31.02670358949973
ed1b858d-3ee8-4fe5-b9ab-df2cc56b9540,浦东新区 惊竟汽车二期(3区),浦东新区 御衡路68弄锦绣华都地下车库1号库,0,4,星星充电,公共电站,1.7,0.9,0.8,5元/小时,121.58263945955184,31.15405338223382
de56f078-fe86-404b-b3af-4899237a8bb9,浦东新区 上海益军停车场(直流高低压兼容),上海市浦东新区海滨路1885号门口左边,4,0,星星充电,公共电站,1.7,1.2,0.5,免费（仅供参考，具体以场地方收费为准）,121.76652448353937,31.20071761107891
88f4bd46-b535-4b47-a3b7-8c9ae625ad91,杨浦区 东风本田汽车锦田特约销售服务店(直流),上海市杨浦区邯郸路195号4S店门前,0,0,星星充电,公共电站,2.0,1.2,0.8,免费停车（仅供参考，具体以场地方收取为准),121.50089096140869,31.295296860079787
14e26bde-93fe-4ec5-80ef-8bc96c7f9ba5,上海市公共安全教育实训基地,青浦区沪青平公路6888号,0,11,人人电站,专用电站,0.0,0.0,0.0,,121.01356997784175,31.10170054884342
13182490-96d1-46b0-b25b-bcf1c048a7f7,闵行区 凯龙莘庄商务园,上海市闵行区申南路59号,0,12,星星充电,公共电站,1.825,1.185,0.64,5元一小时。8小时15，24小时30。（仅供参考，具体以场地方收取为准),121.39514432981895,31.07774736136172
854101a5-3452-436c-9b65-f2abdbca1786,奉贤区 悦华大酒店,上海市奉贤区南桥镇江海路88号南侧停车场（靠锅炉房）,0,3,星星充电,公共电站,1.871,1.231,0.64,5元/小时，全天40元（仅供参考，具体以场地方收取为准),121.4580352005599,30.905389866863214
c0a3db8b-f211-4722-9d64-9b47f94c36da,闵行区 广汽传祺中春店(直流),上海市闵行中春路6111号,0,0,星星充电,公共电站,1.8,0.489--1.019--0.489,0.8--0.781--0.8,暂免（仅供参考，具体以场地方收费为准）,121.36163375889072,31.128008373005187
d294d08a-0731-4e0c-a533-3105e41dab12,徐汇区 星游城(地下),上海市徐汇区天钥桥路580号,0,16,星星充电,公共电站,1.91,1.27,0.64,超过15分钟每小时10元（仅供参考，具体以场地方收取为准),121.44228011767775,31.185368412195814
1f9ae6ea-6817-4e5a-80dc-4f4da7a6df52,浦东新区 南汇府航汽车修理,上海市浦东新区大川公路2657号,0,0,星星充电,公共电站,1.731,1.091,0.64,免费停车（仅供参考，具体以场地方收取为准),121.73499501867752,31.038992192173808
48d59206-ca6a-4d42-9864-bdaca34a8d42,浦东新区 凯龙金领大厦,浦东新区新金桥路1888号地下车库B89-B96,0,20,星星充电,公共电站,2.012,1.372,0.64,5元/小时（仅供参考，具体以场地方收取为准),121.62291603615259,31.260019260921275
35fe4436-6b9a-49fb-ad28-2a477c9f1e1e,徐汇区 圣爱大厦(直流),上海市徐汇区漕溪北路88号,5,0,星星充电,公共电站,1.543,0.28--0.743--1.194--0.743--1.194--0.743--0.28,0.8--0.8--0.606--0.8--0.606--0.8--0.8,9元/小时，超过部分按4.5元/半小时叠加，72元/天封顶（仅供参考，具体以场地方收费为准）,121.43749554929862,31.191680085767963
8587eb26-ce11-4670-b12c-36bcf16eea44,浦东新区 宜浩家园一期111弄,浦东新区竹柏路111弄,0,4,星星充电,公共电站,1.47,0.54--1.02--0.54,0.45--0.45--0.45,暂时免费（仅供参考，具体以场地方收费为准）,121.91426218457757,30.90050540799706
78d38ca7-9b34-4d82-a51b-20667118b918,闵行区 华翔路充电站,闵行区华翔路3799弄16号,0,8,星星充电,公共电站,1.4,0.5--0.9--1.3--0.9--1.3--0.9--0.5,0.5--0.5--0.5--0.5--0.5--0.5--0.5,,121.30189843445662,31.226506306176226
904e3be0-3f6d-4bbe-ae84-8de4bd70fff5,杨浦区 东方国际水产中心(直流高低压兼容),上海市杨浦区军工路2866号,8,0,星星充电,公共电站,1.8,0.35--0.71--1.16--0.71--1.16--0.71--1.16--0.71--0.35,0.8--0.8--0.64--0.8--0.64--0.8--0.64--0.8--0.8,5元/时（仅供参考，具体以场地方收费为准）,121.54210966192416,31.332357604896053
c60568bb-7009-4aa1-93ff-a344e75ce11c,闵行区 浦江瑞和城九街坊,上海市闵行区鲁康路555弄,0,39,星星充电,公共电站,1.319,0.679,0.64,5元/小时（仅供参考，具体以场地方收取为准),121.51700548051636,31.02712231988504
8f2cd96f-4a08-4508-adc2-726d6d019d30,普陀区 家乐福万里店,上海市普陀区新村路1500号4楼A6~A8区域靠墙车位,0,4,星星充电,公共电站,1.99,1.35,0.64,7元/小时（仅供参考，具体以场地方收取为准),121.41128812388678,31.267970748385494
f64c7e0e-dc6e-444a-8d5f-a35ba49a35d0,浦东新区 上海外国语大学附属中学(直流),(工作地对内开放)上海市浦东新区达尔文路91号操场东侧,0,0,星星充电,专用电站,1.441,0.641,0.8,对内开放（仅供参考，具体以场地方收取为准),121.588741014531,31.194179228717637
73b963f7-89b9-472e-9b6a-beb34e8d58d5,浦东新区 临港公服中心,(工作地仅对内开放)上海市浦东新区竹柏路253弄进门右侧停车位01-02；04-06,0,2,星星充电,专用电站,0.0,0.0,0.0,内部使用（仅供参考，具体以场地方收取为准),121.91065555815405,30.900586157452327
0ea6b3d2-60db-463f-9b0a-0e8ab25b920d,浦东新区 秀浦路3408号充电站(直流),上海市浦东新区秀浦路3408号201号,0,0,星星充电,专用电站,1.5,0.5--0.9--1.3--0.9--1.3--0.9--0.5,0.6--0.6--0.6--0.6--0.6--0.6--0.6,免费,121.62813024674914,31.130097035584818
f451e8de-b60e-423a-bfb5-15ba85fa17fd,嘉定区 速马汽修(直流),上海市嘉定区嘉唐公路501号,1,0,星星充电,公共电站,2.0,1.2,0.8,免费（仅供参考，具体以场地方收费为准）,121.23887473390911,31.403125085512972
d42b53a1-fb68-4ec4-ad6d-27c4dac6ce4b,长宁区 虹桥迎宾馆(直流),上海市长宁区虹桥路1591号,2,0,星星充电,公共电站,1.9,1.1,0.8,20元/小时(仅供参考，具体以场地方收取为准),121.39413586777044,31.202492404594242
50faba43-1a84-446b-86e2-47c4a7128a1a,金山区 怡神园猕猴桃种植专业合作社,上海市金山区吕巷镇金张公路1588号,0,8,星星充电,公共电站,1.382,0.742,0.64,免费停车（仅供参考，具体以场地方收取为准),121.25385382023941,30.81570723558805
0ad6f547-0a98-495a-8db9-024f516186fc,普陀区 海伦堡爱ME城市广场(直流),嘉定区武威路与众仁路交汇口地下停车场1116至1138号停车位,0,0,星星充电,公共电站,2.0,1.2,0.8,,121.32543024616288,31.28999859553412
1f5538de-1d48-4022-89fa-832c0b8a6962,浦东新区 东方康德家园一期,上海市浦东新区林德路718弄,0,15,星星充电,公共电站,1.281,0.641,0.64,1小时以后全天4元（仅供参考，具体以场地方收取为准),121.5098685687767,31.129424394010353
0d75d6bb-4e33-42bf-a5ee-ebbb15a0c724,嘉定区 金霞苑二期(直流),上海市嘉定区鹤霞路111弄18号,3,0,星星充电,专用电站,1.28,0.95,0.33,白天5元，过夜10元（仅供参考，具体以场地方收取为准),121.31769982747502,31.24663973318645
6b3b2748-d5c5-4f35-b42b-6684bd1f62ad,长宁区 国航大厦,(工作地仅对内开放)上海市长宁区虹桥机场迎宾三路199号,0,1,星星充电,专用电站,1.8,1.2,0.6,仅供内部员工免费停车(仅供参考，具体以场地方收取为准),121.3500891319676,31.185271919084705
fe4f72a9-244c-4c98-97b4-5cd364715cb8,长宁区 申亚金融广场(室内),上海市长宁区延安西路895号A库后方停车位进门左侧,0,2,星星充电,公共电站,1.84,1.2,0.64,10元/小时(仅供参考，具体以场地方收取为准),121.43203270173966,31.21476496288166
5d540e11-bd3e-4e57-9e64-e6e565d72140,闵行区 华翔路3799弄(直流高低压兼容 临时桩),上海市闵行区华翔路3799弄,2,0,星星充电,专用电站,1.717,0.44--0.917--0.44,0.8--0.8--0.8,免费（仅供参考，具体以场地方收费为准）,121.30002062632678,31.227181226594023
22a6f5b8-60ba-4de9-9061-d18cbd73492e,松江区 上海惠友汽车租赁有限公司(直流高低压兼容2区),上海市松江区九新公路302弄60号,15,0,星星充电,公共电站,1.486,0.686,0.8,小车5元/次，大车20元/次（仅供参考，具体以场地方收费为准）,121.32058325349199,31.122590296508516
9d036826-1de6-4258-a91d-9b628a3e6f6b,浦东新区 安阁苑,上海市浦东新区瑞和路350弄进门地下车库,0,12,星星充电,公共电站,1.281,0.641,0.64,1小时内免费，1-24小时内5元/时（仅供参考，具体以场地方收取为准),121.59111327555793,31.087321645280653
f8a52160-386c-4079-9421-3a2e77a672a8,闵行区 贵都新村,上海市闵行区都市路3635弄38号,0,5,星星充电,专用电站,1.585,0.945,0.64,5元/时（仅供参考，具体以场地方收取为准),121.40149121626635,31.081918768606933
b66b75ef-395f-4a64-b83b-55849d4d5cdd,嘉定区 中虹华苑,上海市嘉定区金园一路1115弄,0,16,星星充电,公共电站,1.84,1.2,0.64,一小时免费，5元一天（仅供参考，具体以场地方收取为准),121.31819123215874,31.24680972254381
1aeb92da-e1a0-4ef4-b5ab-c65930d27919,奉贤区 南行旺苑,上海市奉贤区万顺路2476弄25号楼前地下车库入口,0,25,星星充电,公共电站,1.281,0.641,0.64,2小时内免费，2-8小时5元/次，8-24小时10元/次，超过24小时部分按照上述重新计价（仅供参考，具体以场地方收取为准),121.51537297377507,30.967180958045184
ec539bb0-503b-4568-8a51-1fa12e04da17,上海聚汶仪器有限公司_光华路1188号,上海市闵行区光华路1188号,1,0,人人电站,专用电站,0.0,0.0,0.0,,121.3731615227031,31.065020080497096
a4ee25fa-37ff-42c1-beb4-a10b080bd4a2,黄浦区中山南路1029号,黄浦区中山南路1029号,0,2,人人电站,专用电站,0.0,0.0,0.0,,121.5043984888036,31.21125175363473
73ac29a8-6585-4923-acae-f904c847ed9c,静安区 隆宇商业生活广场,上海市静安区恒丰路329号,0,15,星星充电,公共电站,1.7,0.357--0.734--1.196--0.734--1.196--0.734--1.196--0.734--0.357,0.64--0.64--0.504--0.64--0.504--0.64--0.504--0.64--0.64,10元/小时，超过小时按照每半小时5元叠加，80元/天（仅供参考，具体以场地方收费为准）,121.4563687827576,31.243221994560248
f7f4d35d-1de9-4359-b9b6-9e142a0565ff,长宁区 兴国宾馆(2区),上海市长宁区兴国路78号5号楼地下1个，地面1个。,0,2,星星充电,公共电站,1.84,1.2,0.64,10元/小时（仅供参考，具体以场地方收费为准）,121.43567744581732,31.209665841539955
2cd58431-f6b3-4403-9d8a-052b8b4d3f96,长宁区 家乐福古北店,长宁区水城路268号家乐福一楼地下停车场c14~c15,0,4,星星充电,公共电站,1.99,1.35,0.64,每小时7元(仅供参考，具体以场地方收取为准),121.39363714282594,31.196649322767684
eafbee51-278b-409a-b5d3-fbaff25b6970,嘉定区 紫光睿智汽车(直流高低压兼容),上海市嘉定区嘉安公路2115号,2,0,星星充电,公共电站,1.96,1.16,0.8,免费（仅供参考，具体以场地方收费为准）,121.20632132276852,31.344714843353305
76cbb7d9-5b22-40af-ba93-a3bb535a3272,奉贤区 应用技术学院(5区),上海市奉贤区奉炮公路1225号,0,4,星星充电,公共电站,1.25,0.61,0.64,免费（仅供参考，具体以场地方收取为准),121.50905977889808,30.84140626913637
b50324bf-3cfc-4678-b882-3af4bd086a89,徐汇区 华鑫商务中心,上海市徐汇区桂林路406号华鑫商务中心B1层,0,15,星星充电,公共电站,1.266,0.307--0.626--1.058--0.626--1.058--0.626--0.307,0.64--0.64--0.64--0.64--0.64--0.64--0.64,7元/小时,121.41590626395237,31.173529885737814
0f352c0b-9a4d-42b9-92b5-095847ae4589,杨浦区 创智天地,杨浦区政立路入口地库3号楼160号车位（金宝贝）,0,5,星星充电,公共电站,1.84,1.2,0.64,一小时8元，超过15分钟算半小时，超过半小时算一小时（仅供参考，具体以场地方收取为准),121.51389601831714,31.306263847718267
2bfffbb7-cf5e-41ca-b001-831f132afc07,浦东新区 七天连锁酒店,上海市浦东新区华夏东路3609号,0,5,星星充电,公共电站,1.836,1.196,0.64,半小时免费，5元/小时（仅供参考，具体以场地方收取为准),121.72441901208065,31.20792030211688
fa56b3e8-c316-45a0-af29-a646c021cde8,虹口区 永融企业中心(3区),(工作地仅对内开放)上海市虹口区四平路257号2号地下停车库B2层,0,1,星星充电,专用电站,1.84,1.2,0.64,一小时10元，超过15分钟算半小时，超过半小时算一小时（仅供参考）,121.48925934981388,31.262180610866565
5c9a793b-2949-48b3-983c-c560e109a002,闵行区 永康城兴顺苑(直流),上海市闵行区鲁建路2658弄,0,0,星星充电,公共电站,1.55,0.75,0.8,5元/次（仅供参考，具体以场地方收费为准）,121.49684627666575,31.033334888762422
4d8e1820-dfae-4d43-bbdf-7d9351de065e,普陀区 家乐福武宁店(直流),上海市普陀区武宁路20号一层停车场到底,1,0,星星充电,公共电站,2.15,1.35,0.8,8元每小时，8小时以上68元（仅供参考，具体以场地方收取为准),121.42808370601844,31.23642331958728
9d4a8a4e-43e2-407e-8eb5-293f8510c5f8,金山区 山康花苑,上海市金山区金山卫镇西静路1151弄,0,5,星星充电,公共电站,1.74,1.29,0.45,免费停车（仅供参考，具体以场地方收取为准),121.31079660596181,30.740029784670458
38812433-b578-43f0-a8c4-3fc35a696356,奉贤区 九华丽苑,上海市奉贤区九华路219弄,0,30,星星充电,专用电站,1.281,0.641,0.64,8小时以内5元（仅供参考，具体以场地方收取为准),121.46148909684025,30.925358723255396
1cfed022-3d90-48f6-9b41-c3088dba1ebe,长宁区 兴国宾馆(直流高低压兼容),上海市长宁区兴国路78号,1,0,星星充电,公共电站,2.0,1.2,0.8,1个小时10元，2个小时20元。半天30，一天60（仅供参考，具体以场地方收费为准）,121.4333973491532,31.208446558644756
320499cb-10e0-4c65-8496-11a9db403793,浦东新区 金地城小区,上海市浦东新区惠南镇靖海路547弄拱北路入口直行到底,0,6,星星充电,公共电站,1.553,0.913,0.64,5元/时（仅供参考，具体以场地方收费为准）,121.76765846837688,31.057575361701797
4718e781-1809-40de-89e6-c6f97b05d7ef,松江区 上海惠友汽车租赁有限公司(直流高低压兼容1区),上海市松江区九新公路302弄60号,5,0,星星充电,专用电站,1.486,0.686,0.8,小车5元/次，大车20元/次（仅供参考，具体以场地方收费为准）,121.32173676352684,31.122322494632765
4055d655-5a65-4c0c-900d-5830740561d0,嘉定区 馥华里A(直流高低压兼容),上海市嘉定区周赵路385弄叶城路小区路口,0,0,星星充电,公共电站,1.55,0.75,0.8,5元/小时（仅供参考，具体以场地方收费为准）,121.27676292734917,31.374017887616635
0e884e51-0c1e-4fb8-92c3-f5659dae8cb9,宝山区 大华虎城第三空间,上海市宝山区真华路926弄3号,0,20,星星充电,公共电站,1.836,1.196,0.64,7元/小时（仅供参考，具体以场地方收取为准),121.41217655497417,31.271487819438864
0765785d-34df-4dc3-b8c0-6ab008faf95a,浦东新区 三林印象城西区,上海市浦东新区永泰路1138弄三林城市商业广场,0,10,星星充电,公共电站,1.7,0.264--0.7--1.132--0.7--1.132--0.7--1.132--0.7--0.264,0.64--0.64--0.568--0.64--0.568--0.64--0.568--0.64--0.64,第一小时免费，超过一小时以场地实际收费标准为准,121.5258972350389,31.14112363945596
c7582a77-438f-45db-ba9d-b09fca0f0614,奉贤区 悠口园区(直流高低压兼容),上海市奉贤区程普路377号,6,0,星星充电,公共电站,1.8,0.329--0.665--1.097--0.665--1.097--0.665--1.097--0.665--0.329,0.8--0.8--0.703--0.8--0.703--0.8--0.703--0.8--0.8,2元/小时（仅供参考，具体以场地方收费为准）,121.43987963626867,30.93956199320802
79e71f26-5cc3-45ea-90ca-ab18b51caa22,临港 万科金域澜湾,上海临港雪绒花路369弄,0,10,人人电站,公共电站,1.5,0.64,0.86,前两小时免费，5元/次,121.92023061551787,30.910649805941922
88ab2612-98d1-4f61-95b7-a6ec159e4c80,上海聚汶仪器有限公司_梅南路900号,上海市闵行区梅南路900号,0,0,人人电站,专用电站,0.0,0.0,0.0,,121.41855680519967,31.087379863159832
26731b9f-8fbe-4e74-80a8-75ce6858752d,奉贤区 应用技术学院(直流4区),上海市奉贤区奉炮公路1225号,1,0,星星充电,公共电站,1.41,0.61,0.8,免费（仅供参考，具体以场地方收取为准),121.5089515040582,30.84242994191234
f04bc870-e18f-4f7f-a9f4-33a986ef69a2,浦东新区 凯龙金领大厦(直流),浦东新区新金桥路1888号地下车库B85-B89,2,0,星星充电,公共电站,2.172,1.372,0.8,5元/小时（仅供参考，具体以场地方收取为准）,121.62291603615259,31.260019260921275
4f61c667-908b-41d6-91f0-33970319123d,浦东新区 宜浩家园一期333弄,浦东新区竹柏路333弄122号楼,0,10,星星充电,公共电站,1.47,0.54--1.02--0.54,0.45--0.45--0.45,暂时免费（仅供参考，具体以场地方收费为准）,121.90898579111546,30.898006784251702
fa2a8121-2560-4989-9eb2-402e23e2c17c,浦东新区 盛大天地源创谷,上海市浦东新区盛荣路88弄7号,0,30,星星充电,专用电站,1.305,0.329--0.665--1.097--0.665--1.097--0.665--0.329,0.64--0.64--0.603--0.64--0.603--0.64--0.64,5元/小时,121.60471399449514,31.17209664391281
10cb916f-2a38-4f59-b09b-ed61a9f55d59,浦东新区 海湾新城,上海市浦东新区庆利路425弄,0,30,星星充电,公共电站,1.64,1.0,0.64,停车费24小时4元（仅供参考，具体以场地方收取为准),121.72662599410093,31.23366246901069
4e65a7e5-45db-4492-b564-640041b5bc92,浦东新区 惊竟汽车二期(直流1区),上海市浦东新区康桥镇御衡路1222号,1,0,星星充电,公共电站,1.7,0.9,0.8,5元/小时（仅供参考，具体以场地方收费为准）,121.58441030606805,31.154148396344993
d6d42ab1-a072-4311-b723-52bb83fca4b5,闵行区  闵行人民检察院,上海市闵行区凯城路99号,0,10,星星充电,专用电站,1.6,0.3--0.7--1.132--0.7--1.132--0.7--1.132--0.7--0.3,1.3--0.9--0.468--0.9--0.468--0.9--0.468--0.9--1.3,仅内部专用,121.3854142570309,31.10144961110367
49a9bcd2-da18-4370-a3cd-8fccc6494012,泽满新能源科技家乐福川沙店,上海市浦东新区川沙镇妙境路1118号,2,0,人人电站,专用电站,1.6,1.3,0.3,,121.69245110375637,31.18106677120019
d20b1dfd-9e5d-4879-985a-a817c3d56a86,普陀区 远景大厦A座,普陀区中山北路1412号地面停车场,0,14,星星充电,公共电站,1.806,1.166,0.64,10元/小时（仅供参考，具体以场地方收取为准),121.44184594785514,31.25523707714884
48a6414f-4bf1-4686-856a-4d6d66912bc5,宝山区 吴淞科技园,上海市宝山区铁山路69号,0,5,星星充电,公共电站,2.12,1.48,0.64,免费停车（仅供参考，具体以场地方收取为准),121.46869190674825,31.36382047267027
8d171801-cae7-4419-936b-c45e3b2d9f88,崇明县 竖新充电站,上海市崇明县竖新镇大东村709号,0,2,星星充电,公共电站,1.281,0.641,0.64,免费停车（仅供参考，具体以场地方收取为准),121.61970296873199,31.604599145673188
93967af4-c948-4cf8-b01b-c66bef194ba7,宝山区 新城昱翠家苑(直流),上海市宝山区月富路55弄,0,0,星星充电,公共电站,1.55,0.75,0.8,5元/天（仅供参考，具体以场地方收费为准）,121.41157388686197,31.4305067227028
ab5f7a59-eb05-49e7-a231-5c95d36beef0,金山区 卫康花苑,上海市金山区金山卫镇南阳湾路1289弄50号门前,0,5,星星充电,公共电站,1.29,0.65,0.64,免费停车（仅供参考，具体以场地方收取为准),121.31543960063875,30.734913201718218
449796e9-3d36-4c75-bd04-0b644f890dc6,宝山区 泗塘大厦(直流),上海市宝山区长江西路1180号,1,0,星星充电,公共电站,2.1,1.3,0.8,5元一小时，24小时最高20元（仅供参考，具体以场地方收取为准),121.45862491336825,31.3383258779993
9c4a2963-9b46-4806-8df5-cfe437f33364,上海聚汶仪器有限公司_报春路535号,上海市闵行区报春路535号,1,0,人人电站,专用电站,0.0,0.0,0.0,,121.38518884587052,31.122878319215218
4857e06e-448a-4552-921f-43685948610c,浦东新区 百鸟大酒店,浦东新区万祥镇三三公路2001号,0,5,星星充电,公共电站,1.766,1.126,0.64,停车免费，星期六星期日没有车位（仅供参考，具体以场地方收取为准),121.81969451479593,30.972003146765513
9da0a25e-75dd-41f6-881f-da5903e3831b,浦东新区 万帮新能源体验中心(万帮之星御桥店)测试,上海市浦东新区御桥路1133号,0,0,人人电站,专用电站,2.0,2.0,0.0,免费停车（仅供参考）,121.55618049332398,31.15506259233114
9eadee16-8c5b-46b2-ba12-aace05050c53,金山区 金山卫医院,上海市金山区西静路367号,0,5,星星充电,公共电站,1.56,0.92,0.64,免费停车（仅供参考，具体以场地方收取为准),121.31395804125532,30.725081231442797
