来电狂响,于淼,5.8,6.0,4.3,7.2,6.8,李潇,4.4,5.8,5.7,6.0,4.3,王思,5.8,0,0,0,0,佟大为,5.8,3.9,4.5,0,0,马丽,6.0,5.8,7.0,5.8,6.9,霍思燕,5.8,8.3,7.7,0,0,剧情/喜剧,中国大陆,汉语普通话,2018-12-28,103,143758,88918,5.8
谁先爱上他的,徐誉庭,8.6,7.8,8.6,5.6,0,徐誉庭,8.6,7.8,8.6,5.6,0,吕P媛,8.6,8.1,8.6,7.8,9.0,邱泽,6.8,8.6,0,0,0,谢盈萱,7.4,8.6,9.1,0,0,陈如山,8.6,8.6,6.7,0,0,剧情/喜剧/同性,台湾,汉语普通话,2018-04-22,100,105580,94144,8.6
滚动的钢蛋,李春啸,6.3,4.2,4.9,0,0,冷现辉,6.3,6.0,0,0,0,0,0,0,0,0,0,李春啸,6.3,4.2,4.9,0,0,陈旭,6.3,6.9,3.2,0,0,李易祥,6.3,5.6,5.6,0,0,喜剧,中国大陆,汉语普通话,2019-02-17,77,552,239,6.3
杀死希特勒与大脚怪的人,罗伯特・D・卡兹科夫斯基,6.1,0,0,0,0,罗伯特・D・卡兹科夫斯基,6.1,0,0,0,0,0,0,0,0,0,0,山姆・艾里奥特,7.1,6.1,8.5,6.6,0,艾丹・特纳,6.1,8.5,8.5,8.1,6.7,朗・里维斯顿,8.1,7.5,6.1,0,0,剧情/冒险,美国,英语,2018-07-20,98,370,490,6.1
本回家了,彼得・赫奇斯,7.3,6.4,7.2,6.9,7.3,彼得・赫奇斯,7.3,6.4,7.2,6.9,7.3,0,0,0,0,0,0,朱莉娅・罗伯茨,7.4,7.3,8.6,6.3,0,卢卡斯・赫奇斯,7.2,7.3,7.4,8.7,0,考特尼・万斯,7.3,8.3,0,0,0,剧情,美国,英语,2018-09-08,103,715,2950,7.3
小偷家族,是枝裕和,5.8,8.7,7.1,8.7,6.5,是枝裕和,5.8,8.7,7.1,8.7,6.5,0,0,0,0,0,0,中川雅也,8.2,8.7,5.5,0,0,安藤樱,8.3,8.7,6.9,5.3,8.6,松冈茉优,8.7,7.3,7.9,7.4,8.9,剧情/犯罪/家庭,日本,日语,2018-05-13,117,227547,686086,8.7
绿皮书,彼得・法雷里,8.9,6.3,6.0,0,0,尼克・瓦莱隆加,8.9,0,0,0,0,布莱恩・海耶斯・库瑞,8.9,0,0,0,0,维果・莫腾森,8.9,7.8,7.3,7.7,0,马赫沙拉・阿里,7.6,9.2,8.7,6.0,8.9,琳达・卡德里尼,6.7,7.1,8.9,6.3,7.9,剧情/喜剧/传记,美国,英语 / 意大利语 / 俄语 / 德语,2018-09-11,130,44235,261339,8.9
波西米亚狂想曲,布莱恩・辛格,8.8,7.0,8.2,0,0,安东尼・麦卡滕,8.8,8.5,8.2,7.2,0,皮特・摩根,8.8,9.3,9.2,7.3,8.6,拉米・马雷克,8.8,9.3,8.9,7.8,5.0,本・哈迪,8.8,6.3,8.4,6.4,7.7,约瑟夫・梅泽罗,8.8,7.0,8.7,9.5,6.4,剧情/传记/同性/音乐,英国 / 美国,英语,2018-11-02,135,79007,101120,8.8
无名之辈,饶晓志,7.9,8.1,6.8,6.7,7.9,饶晓志,7.9,8.1,6.8,6.7,7.9,雷志龙,8.1,3.1,6.8,0,0,陈建斌,8.1,7.2,7.6,5.3,0,任素汐,8.1,6.8,7.0,0,0,潘斌龙,2.8,3.5,8.1,3.7,3.8,剧情/喜剧,中国大陆,汉语普通话 / 贵州话,2018-11-16,108,549780,289407,8.1
大黄蜂,特拉维斯・奈特,7.1,7.1,7.4,7.7,7.3,克里斯蒂娜・霍德森,7.1,5.1,4.9,0,0,阿齐瓦・高斯曼,7.1,8.2,7.8,5.1,4.9,海莉・斯坦菲尔德,7.1,8.7,5.9,7.7,0,小豪尔赫・兰登伯格,7.6,7.1,8.3,7.4,0,约翰・塞纳,7.1,6.5,7.2,0,0,动作/科幻/冒险,美国,英语,2018-12-21,114,203175,268425,7.1
毒液：致命守护者,鲁本・弗雷斯彻,7.2,8.3,7.5,0,0,杰夫・皮克纳,7.2,6.9,5.1,7.4,4.9,斯科特・罗森伯格,7.2,6.9,5.8,7.1,0,汤姆・哈迪,7.2,0,0,0,0,米歇尔・威廉姆斯,7.2,6.3,7.0,7.7,0,里兹・阿迈德,7.2,7.7,9.1,7.3,0,动作/科幻/惊悚,美国 / 中国大陆,英语 / 汉语普通话,2018-10-05,112,463864,620647,7.2
无双,庄文强,5.5,6.1,8.0,6.3,7.1,庄文强,5.5,6.1,8.0,6.3,7.1,0,0,0,0,0,0,周润发,8.0,7.0,4.0,6.0,5.5,郭富城,8.0,4.4,4.3,6.2,0,张静初,8.0,3.6,5.2,5.9,3.6,剧情/动作/犯罪,中国大陆 / 香港,汉语普通话 / 粤语 / 英语 / 泰语 / 波兰语,2018-09-30,130,512360,342055,8.0
一出好戏,黄渤,6.4,6.0,5.7,7.4,0,黄渤,6.4,6.0,5.7,7.4,0,张冀,7.4,7.1,5.8,7.4,0,黄渤,6.4,6.0,5.7,7.4,0,舒淇,7.4,7.1,6.6,5.2,6.7,王宝强,5.8,2.6,7.4,7.1,6.7,剧情/喜剧,中国大陆,汉语普通话,2018-08-10,134,562667,547614,7.1
地球最后的夜晚,毕赣,6.0,6.9,7.6,7.8,6.1,毕赣,6.0,6.9,7.6,7.8,6.1,0,0,0,0,0,0,汤唯,6.0,6.9,6.4,6.0,6.1,黄觉,6.9,4.8,0,0,0,张艾嘉,5.3,6.9,5.9,0,0,剧情/爱情/悬疑,中国大陆 / 法国,贵州方言 / 汉语普通话,2018-05-15,138,125899,205328,6.9
无敌破坏王2：大闹互联网,菲尔・约翰斯顿,8.1,9.2,7.3,5.8,0,菲尔・约翰斯顿,8.1,9.2,7.3,5.8,0,帕米拉・里本,8.1,6.3,7.5,8.8,7.5,约翰・C・赖利,3.9,8.1,7.7,7.7,7.1,萨拉・西尔弗曼,8.1,6.7,0,0,0,盖尔・加朵,8.1,9.2,6.5,7.1,6.1,喜剧/动画/奇幻/冒险,美国,英语,2018-11-21,112,172484,197110,8.1
我不是药神,文牧野,6.0,9.0,5.6,7.0,0,韩家女,8.1,9.0,0,0,0,钟伟,9.0,6.5,0,0,0,徐峥,6.4,7.4,7.1,4.5,0,王传君,9.0,3.8,4.1,7.7,7.2,周一围,5.6,3.7,9.0,3.7,6.8,剧情/喜剧,中国大陆,汉语普通话 / 英语 / 上海话 / 印地语,2018-06-30,117,1020909,857541,9.0
海王,温子仁,7.7,5.9,6.1,0,0,大卫・莱斯利・约翰逊-麦戈德里克,7.7,5.1,7.7,8.1,0,威尔・比尔,7.7,7.2,5.5,6.5,0,杰森・莫玛,7.2,7.7,5.9,0,0,艾梅柏・希尔德,7.7,5.4,6.5,0,0,威廉・达福,7.7,6.0,6.0,0,0,动作/奇幻/冒险,美国 / 澳大利亚,英语 / 毛利语 / 意大利语 / 俄语,2018-12-07,143,464281,359319,7.7
西虹市首富,闫非,6.5,7.5,0,0,0,闫非,6.5,7.5,0,0,0,彭大魔,6.5,7.5,0,0,0,沈腾,7.0,6.4,4.6,6.5,4.9,宋芸桦,6.5,3.7,6.3,6.5,6.8,张一鸣,6.5,6.6,0,0,0,喜剧,中国大陆,汉语普通话,2018-07-27,118,581494,439153,6.5
蚁人2：黄蜂女现身,佩顿・里德,7.3,7.6,6.3,0,0,克里斯・麦克纳,7.3,6.9,8.0,9.3,0,埃里克・萨默斯,7.3,6.9,7.4,8.0,7.2,保罗・路德,7.3,7.3,4.8,6.3,5.6,伊万杰琳・莉莉,7.3,5.4,7.6,8.3,8.3,迈克尔・佩纳,7.9,9.1,5.8,5.8,7.3,动作/科幻/冒险,美国,英语,2018-07-06,118,287129,506851,7.3
蜘蛛侠：平行宇宙,鲍勃・佩尔西凯蒂,8.7,8.1,0,0,0,菲尔・罗德,7.2,8.7,6.8,7.1,6.8,罗德尼・罗斯曼,8.7,6.8,7.3,7.1,6.8,沙梅克・摩尔,8.7,9.3,7.1,0,0,杰克・约翰逊,8.7,6.6,7.1,6.8,0,海莉・斯坦菲尔德,7.1,8.7,5.9,7.7,0,动作/科幻/动画/冒险,美国,英语 / 西班牙语,2018-12-14,116,216003,223195,8.7
宠儿,欧格斯・兰斯莫斯,7.4,6.7,7.6,6.0,6.4,德博拉・戴维斯,7.4,0,0,0,0,托尼・麦克纳马拉,7.4,6.3,0,0,0,奥利维娅・科尔曼,8.3,8.4,7.4,0,0,艾玛・斯通,8.3,7.4,6.7,0,0,蕾切尔・薇兹,7.4,6.6,6.8,6.3,0,剧情/喜剧/传记/同性,爱尔兰 / 英国 / 美国,英语,2018-08-30,119,21190,37108,7.4
死侍2：我爱我家,大卫・雷奇,7.3,8.9,7.2,8.3,0,瑞特・里斯,7.3,6.5,8.3,7.7,6.6,保罗・韦尼克,7.3,6.5,7.7,6.6,6.4,瑞恩・雷诺兹,7.3,8.9,0,0,0,乔什・布洛林,6.7,7.3,8.1,5.8,0,朱利安・迪尼森,7.3,8.1,6.3,0,0,喜剧/动作/科幻/冒险,美国,英语,2018-05-18,119,236464,169614,7.3
邪不压正,姜文,7.0,7.3,6.4,6.6,0,姜文,7.0,7.3,6.4,6.6,0,何冀平,7.0,6.9,6.7,4.3,0,彭于晏,7.0,5.1,6.9,6.7,4.9,廖凡,7.0,6.6,7.6,4.9,0,姜文,7.0,7.3,6.4,6.6,0,剧情/喜剧/动作,中国大陆,汉语普通话 / 英语 / 日语 / 法语,2018-07-13,137,424439,257522,7.0
调音师,斯里兰姆・拉格万,8.7,0,0,0,0,阿里吉特・比斯沃斯,8.7,0,0,0,0,约戈什・查德卡尔,8.7,0,0,0,0,阿尤斯曼・库拉纳,6.6,8.7,6.4,0,0,塔布,8.7,5.4,6.0,6.1,7.4,拉迪卡・艾普特,8.7,7.4,7.5,5.6,0,喜剧/犯罪/惊悚,印度,印地语,2018-10-05,139,39854,54624,8.7
摇摆狂潮,姜炯哲,8.3,8.2,4.2,7.1,0,姜炯哲,8.3,8.2,4.2,7.1,0,0,0,0,0,0,0,都切,9.0,8.3,7.8,7.5,0,朴慧秀,8.3,6.6,5.8,8.8,7.2,吴政世,8.2,5.3,8.3,5.6,7.2,剧情/战争/歌舞,韩国,韩语,2018-12-19,133,15028,30777,8.3
李茶的姑妈,吴昱翰,4.6,6.8,7.3,0,0,钱晨光,4.6,0,0,0,0,吴瑾蓉,4.6,6.5,0,0,0,黄才伦,5.7,4.6,6.8,6.5,0,艾伦,5.8,4.6,6.5,6.9,0,宋阳,4.6,6.9,5.3,0,0,喜剧,中国大陆,汉语普通话,2018-09-30,113,177868,85342,4.6
胡桃夹子和四个王国,拉斯・霍尔斯道姆,6.0,7.7,7.1,6.6,0,阿什利・鲍威尔,6.0,0,0,0,0,汤姆・麦卡锡,6.0,8.0,7.3,8.3,8.8,麦肯吉・弗依,6.0,8.1,9.2,0,0,摩根・弗里曼,6.0,6.4,4.6,7.9,0,凯拉・奈特莉,6.0,7.5,7.2,0,0,奇幻/冒险,美国,英语,2018-11-02,99,40571,80828,6.0
天气预爆,肖央,3.8,3.7,6.7,6.0,5.8,肖央,3.8,3.7,6.7,6.0,5.8,黄苑,3.8,0,0,0,0,肖央,3.8,3.7,6.7,6.0,5.8,杜鹃,3.8,3.6,7.0,3.1,4.0,常远,3.8,4.6,6.5,6.9,0,喜剧/奇幻,中国大陆,汉语普通话,2018-12-21,104,41939,28322,3.8
复仇者联盟3：无限战争,安东尼・罗素,6.9,8.1,7.8,0,0,杰克・科比,7.0,7.3,8.1,6.5,0,克里斯托弗・马库斯,8.1,7.8,8.2,8.3,7.9,小罗伯特・唐尼,8.1,7.4,0,0,0,克里斯・海姆斯沃斯,6.9,8.1,0,0,0,克里斯・埃文斯,8.1,7.4,8.2,7.8,0,动作/科幻/奇幻/冒险,美国,英语,2018-04-23,150,512168,292877,8.1
动物世界,韩延,7.2,7.2,7.4,6.3,7.2,韩延,7.2,7.2,7.4,6.3,7.2,福本伸行,8.7,7.2,7.5,6.6,8.9,李易峰,7.2,4.9,0,0,0,迈克尔・道格拉斯,9.2,7.3,7.2,7.1,5.8,周冬雨,5.9,3.5,0,0,0,剧情/动作/冒险,中国大陆,汉语普通话 / 英语,2018-06-29,132,320408,218368,7.2
罗马,阿方索・卡隆,8.1,6.2,0,0,0,阿方索・卡隆,8.1,6.2,0,0,0,0,0,0,0,0,0,雅利扎・阿巴里西奥,6.6,8.1,0,0,0,玛丽娜・德・塔维拉,8.1,6.1,7.7,7.8,0,迭戈・科蒂娜・奥特里,8.1,0,0,0,0,剧情/家庭,墨西哥 / 美国,西班牙语 / 米斯特克语 / 英语,2018-08-30,135,35362,82724,8.1
龙珠超：布罗利,长峰达也,8.2,6.7,5.6,8.5,9.0,鸟山明,8.2,7.8,5.6,9.2,7.2,0,0,0,0,0,0,野泽雅子,8.2,6.9,7.9,0,0,堀川亮,8.2,6.6,4.7,7.3,0,中尾隆圣,8.2,6.3,6.8,8.6,0,动画,日本,日语,2018-12-14,100,6087,9767,8.2
掠食城市,克里斯蒂安・瑞沃斯,6.5,5.3,7.1,6.7,0,弗兰・威尔士,6.5,8.3,8.3,7.6,8.2,菲利帕・鲍恩斯,6.5,8.3,8.3,8.2,7.1,海拉・西尔玛,6.5,8.1,5.6,0,0,雨果・维文,6.5,9.0,7.1,6.3,0,金吉,6.5,9.0,8.8,0,0,动作/科幻/冒险,美国 / 新西兰,英语,2018-12-14,128,28062,23827,6.5
T-34坦克,阿列克赛・西多洛夫,7.6,4.7,5.9,6.3,0,阿列克赛・西多洛夫,7.6,4.7,5.9,6.3,0,0,0,0,0,0,0,亚历山大・佩特罗夫,7.6,6.8,6.5,6.9,0,文森兹・凯弗,7.6,7.3,6.7,0,0,维克多・多勃朗拉沃夫,7.6,0,0,0,0,动作/历史/战争,俄罗斯,俄语,2018-12-27,139,4592,8817,7.6
一个明星的诞生,布莱德利・库珀,7.9,7.1,8.1,0,0,艾瑞克・罗斯,7.1,7.8,0,0,0,布莱德利・库珀,7.9,7.1,8.1,0,0,Lady,6.8,7.1,0,0,0,布莱德利・库珀,7.9,7.1,8.1,0,0,山姆・艾里奥特,7.1,6.1,8.5,6.6,0,剧情/爱情/音乐,美国,英语,2018-08-31,135,38632,39972,7.1
幸福的拉扎罗,阿莉切・罗尔瓦赫尔,8.6,7.4,7.3,0,0,阿莉切・罗尔瓦赫尔,8.6,7.4,7.3,0,0,0,0,0,0,0,0,阿德里亚诺・塔尔迪奥洛,8.6,0,0,0,0,阿涅塞・格拉齐亚尼,8.6,7.4,0,0,0,卢卡・奇科瓦尼,8.6,0,0,0,0,剧情/奇幻,意大利 / 瑞士 / 法国 / 德国,意大利语,2018-05-13,125,45311,101507,8.6
头号玩家,史蒂文・斯皮尔伯格,7.1,7.7,6.7,8.7,0,扎克・佩恩,8.7,4.9,8.0,8.1,6.7,恩斯特・克莱恩,8.7,0,0,0,0,泰伊・谢里丹,7.3,6.3,8.7,5.6,0,奥利维亚・库克,6.7,7.6,8.7,0,0,本・门德尔森,5.4,6.2,8.7,8.5,0,动作/科幻/冒险,美国,英语 / 日语 / 汉语普通话,2018-03-11,140,716162,85838,8.7
江湖儿女,贾樟柯,7.6,5.5,5.4,5.9,0,贾樟柯,7.6,5.5,5.4,5.9,0,0,0,0,0,0,0,赵涛,7.6,5.9,6.1,7.9,6.7,廖凡,7.0,6.6,7.6,4.9,0,徐峥,6.4,7.4,7.1,4.5,0,爱情/犯罪,中国大陆 / 法国 / 日本,汉语普通话 / 山西方言 / 湖北方言 / 重庆方言,2018-05-11,137,163391,192283,7.6
小猪佩奇过大年,张大鹏,4.1,7.4,7.6,0,0,郝铭,4.1,0,0,0,0,张大鹏,4.1,7.4,7.6,0,0,朱亚文,4.1,4.7,8.3,0,0,刘芸,4.1,3.2,4.9,0,0,归亚蕾,4.1,6.2,3.5,0,0,儿童/动画/歌舞/家庭,中国大陆 / 英国,汉语普通话 / 英语,2019-02-05,81,8859,9191,4.1
叶问外传：张天志,袁和平,5.6,4.4,4.7,0,0,黄子桓,5.6,3.4,5.0,6.3,6.3,陈大利,5.6,5.1,6.6,6.3,0,张晋,5.6,5.4,4.9,4.9,6.3,戴夫・巴蒂斯塔,5.6,6.3,3.2,5.6,8.1,柳岩,4.2,5.6,4.3,0,0,剧情/动作,中国大陆 / 香港,汉语普通话 / 粤语,2018-10-13,107,22036,8336,5.6
爱你，西蒙,格里格・伯兰蒂,7.5,8.3,6.6,8.2,0,伊丽莎白・伯格,9.5,8.3,9.4,9.5,0,艾萨克・阿普塔克,9.5,8.3,9.4,9.5,7.3,尼克・罗宾森,8.3,6.6,4.7,0,0,詹妮弗・加纳,6.1,6.5,8.3,6.4,0,乔什・杜哈明,8.3,7.3,6.7,4.9,0,爱情/同性,美国,英语,2018-03-16,110,113030,97983,8.3
特工,尹钟彬,8.4,7.4,7.3,7.2,6.5,尹钟彬,8.4,7.4,7.3,7.2,6.5,0,0,0,0,0,0,黄政民,8.4,7.8,7.3,7.2,7.3,李星民,5.6,6.0,8.4,5.8,7.3,赵震雄,7.4,6.4,8.4,6.0,7.4,剧情,韩国,韩语 / 汉语普通话 / 日语,2018-05-11,137,61199,71593,8.4
找到你,吕乐,7.4,7.5,6.8,7.5,0,秦海燕,7.4,0,0,0,0,0,0,0,0,0,0,姚晨,7.4,5.2,0,0,0,马伊P,6.8,7.4,5.8,0,0,袁文康,6.0,7.3,7.4,7.4,6.7,剧情,中国大陆,汉语普通话,2018-06-17,102,122964,106573,7.4
燃烧,李沧东,7.9,8.4,6.3,7.7,7.2,李沧东,7.9,8.4,6.3,7.7,7.2,吴政美,7.9,0,0,0,0,刘亚仁,7.5,7.9,7.6,7.8,0,史蒂文・元,9.1,9.1,7.9,0,0,全钟瑞,7.9,0,0,0,0,剧情/悬疑,韩国,韩语,2018-05-16,148,134067,114374,7.9
快把我哥带走,郑芬芬,6.8,6.5,0,0,0,赵越,6.8,0,0,0,0,郑芬芬,6.8,6.5,0,0,0,张子枫,6.7,6.8,5.7,0,0,彭昱畅,8.7,6.8,8.1,0,0,赵今麦,7.9,6.8,6.9,7.8,0,喜剧/奇幻,中国大陆,汉语普通话,2018-08-17,115,197443,57361,6.8
我身体里的那个家伙,姜孝镇,6.9,7.3,5.8,7.7,0,申汉率,6.9,6.5,6.1,5.6,6.7,赵重勋,6.9,5.8,9.2,6.1,0,郑真英,6.9,6.8,7.1,7.1,0,朴圣雄,5.3,6.9,7.9,5.3,0,罗美兰,6.9,7.8,5.5,7.8,0,剧情/喜剧,韩国,韩语,2019-01-09,122,6781,5231,6.9
解除好友2：暗网,斯蒂芬・思科,5.5,7.9,6.3,0,0,斯蒂芬・思科,5.5,7.9,6.3,0,0,0,0,0,0,0,0,科林・伍德尔,5.8,7.9,6.5,5.2,8.5,斯蒂芬妮・诺格拉斯,7.9,0,0,0,0,瑞贝卡・瑞滕豪斯,5.7,7.9,6.0,6.4,0,犯罪/恐怖,美国,英语,2018-03-09,92,91558,65904,7.9
狄仁杰之四大天王,徐克,6.1,4.4,5.5,4.8,8.2,张家鲁,7.9,6.1,7.2,0,0,徐克,6.1,4.4,5.5,4.8,8.2,赵又廷,6.1,6.7,2.8,0,0,冯绍峰,7.0,7.5,6.1,4.4,5.5,林更新,6.6,6.1,6.3,0,0,动作/悬疑/奇幻/武侠/古装,中国大陆 / 香港,汉语普通话,2018-07-27,132,191375,100567,6.1
巨齿鲨,乔・德特杜巴,5.7,4.8,0,0,0,迪恩・乔格瑞斯,5.7,7.8,7.2,0,0,乔・霍贝尔,5.7,7.1,6.6,7.2,7.5,杰森・斯坦森,5.7,7.0,5.6,0,0,李冰冰,5.7,3.5,4.9,3.2,0,雷恩・威尔森,6.9,6.0,7.3,5.7,7.4,动作/科幻/惊悚,美国 / 中国大陆 / 香港,英语 / 汉语普通话 / 泰语,2018-08-10,115,142013,117022,5.7
悲伤逆流成河,落落,5.8,2.6,5.7,0,0,落落,5.8,2.6,5.7,0,0,郭敬明,5.8,4.4,3.2,3.8,3.2,赵英博,5.8,9.1,6.2,0,0,任敏,5.8,0,0,0,0,辛云来,5.8,0,0,0,0,剧情/爱情,中国大陆,汉语普通话,2018-09-21,104,124970,58273,5.8
昨日青空,奚超,6.1,0,0,0,0,口袋巧克力,6.1,0,0,0,0,0,0,0,0,0,0,苏尚卿,0,0,0,0,0,王一博,6.1,5.8,5.1,0,0,段艺璇,6.1,0,0,0,0,爱情/动画,中国大陆,汉语普通话,2018-10-26,82,35540,105362,6.1
阴风阵阵,卢卡・瓜达尼诺,6.8,8.8,6.2,6.7,0,达里亚・尼科洛迪,6.8,4.7,5.4,0,0,大卫・凯根内奇,6.8,8.0,6.2,6.1,0,达科塔・约翰逊,6.9,6.8,5.5,5.1,0,蒂尔达・斯文顿,6.8,8.3,6.0,0,0,科洛・莫瑞兹,6.8,6.6,4.7,0,0,惊悚/恐怖,意大利 / 美国,英语 / 德语 / 法语,2018-09-01,152,13895,32014,6.8
极线杀手,乔纳斯・阿克伦德,6.8,9.4,8.4,9.4,0,杰森・罗斯威尔,6.8,5.5,0,0,0,维克托・桑托斯,6.8,0,0,0,0,麦斯・米科尔森,6.8,6.0,6.8,0,0,凡妮莎・哈金斯,6.7,6.8,5.3,5.8,7.4,凯瑟琳・温妮克,6.8,5.1,8.9,5.1,8.6,动作,美国 / 德国,英语,2019-01-25,118,12062,5923,6.8
武林怪兽,刘伟强,3.5,5.0,4.0,6.4,0,荣超,3.5,0,0,0,0,林挺,3.5,0,0,0,0,古天乐,6.0,3.5,5.7,5.1,0,陈学冬,3.5,8.9,5.7,4.4,4.9,郭碧婷,3.5,4.1,4.6,3.7,0,喜剧/奇幻/武侠,中国大陆 / 香港,汉语普通话,2018-12-21,104,16523,11792,3.5
精灵旅社3：疯狂假期,格恩迪・塔塔科夫斯基,6.7,7.8,7.6,5.7,0,迈克尔・麦库勒斯,6.7,7.4,7.4,8.3,6.1,格恩迪・塔塔科夫斯基,6.7,7.8,7.6,5.7,0,亚当・桑德勒,7.8,6.7,6.1,7.8,0,凯瑟琳・哈恩,8.7,8.1,6.7,7.5,5.6,史蒂夫・布西密,6.7,6.7,6.1,6.8,0,喜剧/动画/奇幻,美国,英语,2018-07-13,98,67732,105281,6.7
黑镜：潘达斯奈基,大卫・斯雷德,6.9,8.3,7.8,5.2,0,查理・布鲁克,6.9,8.8,8.3,8.0,0,0,0,0,0,0,0,菲恩・怀特海德,6.9,7.7,9.0,8.4,0,克雷格・帕金森,6.9,8.4,9.5,0,0,爱丽丝・洛维,6.9,7.9,4.1,0,0,剧情/科幻/悬疑/惊悚,英国 / 美国,英语,2018-12-28,90,43990,31485,6.9
湮灭,亚历克斯・嘉兰,7.1,7.6,5.0,6.3,7.7,亚历克斯・嘉兰,7.1,7.6,5.0,6.3,7.7,杰夫・万德米尔,7.1,0,0,0,0,娜塔莉・波特曼,7.7,6.0,7.1,0,0,詹妮弗・杰森・李,9.2,6.0,6.1,9.0,7.1,吉娜・罗德里格兹,8.2,7.4,7.1,0,0,剧情/科幻/惊悚,美国 / 英国,英语,2018-02-23,115,229225,58797,7.1
憨豆特工3,大卫・科尔,6.4,9.4,5.3,8.5,8.9,尼尔・珀维斯,6.4,7.5,6.2,7.0,0,罗伯特・韦德,6.4,7.5,6.2,7.0,0,罗温・艾金森,6.4,7.1,7.5,8.5,0,本・米勒,6.4,8.1,6.8,0,0,欧嘉・柯瑞兰寇,6.4,4.9,6.9,6.0,0,喜剧/动作/冒险,法国 / 美国 / 英国,英语,2018-10-05,89,43097,54997,6.4
银魂2,福田雄一,9.1,6.3,7.8,7.4,6.8,福田雄一,9.1,6.3,7.8,7.4,6.8,0,0,0,0,0,0,小栗旬,6.7,9.1,6.9,7.8,7.4,菅田将晖,8.2,8.3,7.4,8.5,0,桥本环奈,5.9,5.7,9.1,7.8,0,喜剧/动作/冒险,日本,日语,2018-08-17,135,15419,19881,7.4
被抹去的男孩,乔尔・埃哲顿,7.4,5.8,6.3,6.3,0,加拉德・康利,7.4,0,0,0,0,乔尔・埃哲顿,7.4,5.8,6.3,6.3,0,卢卡斯・赫奇斯,7.2,7.3,7.4,8.7,0,妮可・基德曼,7.7,7.4,6.5,0,0,罗素・克劳,7.4,4.7,0,0,0,剧情/传记/同性,美国,英语,2018-09-01,115,8745,24878,7.4
反贪风暴3,林德禄,5.7,4.9,5.5,5.7,6.4,黄浩华,5.7,0,0,0,0,何文龙,5.7,6.9,5.5,7.2,0,古天乐,6.0,3.5,5.7,5.1,0,张智霖,4.3,6.1,6.3,5.7,0,郑嘉颖,5.6,5.7,4.9,0,0,剧情/动作/犯罪,香港,粤语 / 汉语普通话,2018-08-23,97,64831,62202,5.7
名侦探柯南：零的执行人,立川让,9.7,5.7,8.5,9.3,8.1,樱井武晴,8.2,5.7,5.7,0,0,青山刚昌,5.7,6.6,8.2,6.2,5.8,高山南,5.7,6.6,6.8,7.4,8.2,山口胜平,8.8,5.7,0,0,0,山崎和佳奈,5.7,6.6,8.2,5.3,6.2,动画/悬疑,日本,日语,2018-04-13,110,67606,75408,5.7
摩天营救,罗森・马歇尔・瑟伯,7.1,6.3,6.0,6.2,0,罗森・马歇尔・瑟伯,7.1,6.3,6.0,6.2,0,0,0,0,0,0,0,道恩・强森,8.3,6.3,6.4,0,0,内芙・坎贝尔,6.3,7.4,8.9,0,0,黄经汉,6.3,6.4,5.6,6.0,0,动作/惊悚/冒险,美国,英语 / 粤语 / 汉语普通话,2018-07-13,102,111494,73397,6.3
超时空同居,苏伦,6.9,4.1,0,0,0,苏伦,6.9,4.1,0,0,0,刘迟,3.8,6.9,3.7,0,0,雷佳音,7.9,6.4,9.2,6.9,0,佟丽娅,5.9,6.9,6.5,6.7,0,张衣,6.9,6.2,6.6,6.0,0,喜剧/爱情/奇幻,中国大陆,汉语普通话,2018-05-18,101,329946,67255,6.9
超人总动员2,布拉德・伯德,7.7,7.9,7.7,6.3,8.3,布拉德・伯德,0,0,0,0,0,0,0,0,0,0,0,格雷格・T・尼尔森,0,0,0,0,0,霍利・亨特,0,0,0,0,0,莎拉・沃威尔,0,0,0,0,0,喜剧/动作/动画/冒险,美国,英语,2018-06-15,118,156236,54648,7.9
家和万事惊,邱礼涛,5.8,6.0,5.3,5.1,0,张达明,6.0,4.8,0,0,0,0,0,0,0,0,0,吴镇宇,6.0,7.4,5.3,7.6,0,古天乐,6.0,3.5,5.7,5.1,0,袁咏仪,5.5,6.0,5.3,3.9,7.1,喜剧/家庭,中国大陆 / 香港,粤语,2019-01-18,92,8865,8025,6.0
寂静之地,约翰・卡拉辛斯基,5.8,8.1,6.3,7.8,5.6,布莱恩・伍兹,6.3,5.9,4.8,0,0,斯科特・贝克,6.3,5.9,4.8,0,0,艾米莉・布朗特,7.1,6.9,6.3,6.8,5.6,约翰・卡拉辛斯基,5.8,8.1,6.3,7.8,5.6,米利森特・西蒙兹,6.3,6.0,0,0,0,惊悚/恐怖,美国,美国手语 / 英语,2018-03-09,90,186667,65290,6.3
升级,雷・沃纳尔,7.7,8.1,6.1,4.1,6.8,雷・沃纳尔,7.7,8.1,6.1,4.1,6.8,0,0,0,0,0,0,罗根・马歇尔-格林,8.1,7.9,7.4,6.6,8.2,梅拉里・沃列何,8.1,7.9,4.8,0,0,哈里森・吉尔伯特森,5.8,6.2,8.1,3.9,5.6,动作/科幻/惊悚,澳大利亚,英语,2018-03-10,100,77428,45618,8.1
黑色党徒,斯派克・李,7.1,0,0,0,0,斯派克・李,7.1,0,0,0,0,查利・瓦赫特尔,7.1,0,0,0,0,约翰・大卫・华盛顿,7.0,8.3,7.1,5.5,0,亚历克・鲍德温,0,0,0,0,0,小伊塞亚・维特洛克,6.6,7.0,7.1,0,0,剧情/传记/犯罪,美国,英语,2018-05-14,135,11726,14198,7.1
一个小忙,保罗・费格,7.1,6.1,0,0,0,杰西卡・沙泽尔,7.1,6.5,5.5,7.7,0,达塞・贝尔,7.1,0,0,0,0,安娜・肯德里克,6.8,7.1,5.9,6.1,0,布蕾克・莱弗利,7.1,6.9,5.4,7.1,7.1,亨利・戈尔丁,7.1,6.2,0,0,0,剧情/犯罪/悬疑,美国 / 加拿大,英语,2018-09-14,117,29045,17890,7.1
与神同行2：因与缘,金容华,7.5,7.7,5.4,7.3,7.9,金容华,7.5,7.7,5.4,7.3,7.9,0,0,0,0,0,0,河正宇,6.0,7.5,7.7,7.0,0,朱智勋,6.6,8.5,6.7,7.5,8.4,马东锡,6.2,5.8,5.7,7.5,6.2,动作/奇幻,韩国,韩语,2018-08-01,142,48104,27703,7.5
副总统,亚当・麦凯,6.7,7.3,7.9,0,0,亚当・麦凯,6.7,7.3,7.9,0,0,0,0,0,0,0,0,克里斯蒂安・贝尔,6.7,6.3,6.8,6.6,8.4,艾米・亚当斯,6.7,8.3,6.5,7.4,0,史蒂夫・卡瑞尔,6.7,5.8,6.2,0,0,剧情/喜剧/传记/历史,美国,英语,2018-12-25,132,3566,10502,6.7
风语咒,刘阔,6.9,6.8,8.5,7.8,8.1,于奥,6.9,7.6,0,0,0,周铁男,6.9,0,0,0,0,路知行,6.9,8.2,6.4,6.0,5.7,阎萌萌,8.3,6.9,7.3,6.6,0,褚B,8.2,8.3,6.9,6.6,0,动画/奇幻,中国大陆,汉语普通话,2018-08-03,105,82370,41587,6.9
印度暴徒,维贾伊・克利须那・阿查里雅,5.9,7.2,7.0,6.2,7.9,维贾伊・克利须那・阿查里雅,5.9,7.2,7.0,6.2,7.9,0,0,0,0,0,0,阿米尔・汗,5.9,7.7,9.0,0,0,卡特莉娜・卡芙,7.1,5.9,6.0,6.6,6.9,阿米达普・巴强,5.9,7.3,4.9,0,0,喜剧/动作/冒险,印度,印地语,2018-11-08,164,16034,9902,5.9
侏罗纪世界2,胡安・安东尼奥・巴亚纳,6.7,7.3,7.2,0,0,科林・特雷沃罗,6.7,6.9,7.7,6.5,0,德里克・康纳利,6.7,6.5,6.1,7.7,0,克里斯・帕拉特,7.2,6.7,8.1,8.2,8.0,布莱丝・达拉斯・霍华德,6.8,6.7,7.9,8.8,6.5,贾斯蒂斯・史密斯,6.7,6.5,9.3,6.1,0,动作/科幻/冒险,美国 / 西班牙,英语,2018-06-15,128,257852,40697,6.7
中国合伙人2,刘亚当,4.1,0,0,0,0,茅越之,4.1,0,0,0,0,祝上,4.1,0,0,0,0,赵立新,4.1,9.2,8.2,3.8,8.0,凌潇肃,4.1,4.6,5.5,0,0,王嘉,4.1,6.5,2.7,0,0,剧情,中国大陆,汉语普通话 / 英语,2018-12-18,123,4833,9475,4.1
你能原谅我吗？,玛丽埃尔・海勒,7.1,8.1,7.0,0,0,妮可・哈罗芬瑟,6.2,7.1,8.5,6.5,5.9,杰夫・惠蒂,7.1,0,0,0,0,梅丽莎・麦卡西,7.1,6.3,5.4,6.9,0,理查德・E・格兰特,6.0,7.1,7.8,7.2,0,多莉・韦尔斯,7.1,5.4,0,0,0,剧情/喜剧/传记/犯罪,美国,英语,2018-09-01,107,2286,6137,7.1
胖子行动队,包贝尔,6.7,2.8,3.5,0,0,张鹏,4.2,0,0,0,0,刘智林,4.2,3.2,0,0,0,文章,4.2,6.8,6.5,6.1,7.4,包贝尔,6.7,2.8,3.5,0,0,郭京飞,7.9,4.2,5.2,4.6,0,喜剧/动作,中国大陆,汉语普通话,2018-09-30,108,47042,16357,4.2
冷战,帕维乌・帕夫利科夫斯基,7.8,7.7,5.8,0,0,雅努什・格沃瓦茨基,7.8,7.7,0,0,0,帕维乌・帕夫利科夫斯基,7.8,7.7,5.8,0,0,尤安娜・库里克,7.8,7.8,7.5,0,0,托马斯・科特,7.8,6.3,7.3,7.3,0,波利斯・席克,7.8,6.3,7.3,0,0,剧情/爱情/音乐,波兰 / 法国 / 英国,波兰语 / 法语 / 德语 / 克罗地亚语 / 意大利语 / 俄语,2018-05-10,88,15550,27226,7.8
脱欧：无理之战,托比・海恩斯,7.7,8.3,7.8,7.2,8.6,詹姆斯・格拉汉姆,7.7,8.5,6.7,0,0,0,0,0,0,0,0,本尼迪克特・康伯巴奇,7.7,6.3,6.3,7.7,0,李・博德曼,7.7,6.9,6.5,6.1,0,奥利弗・莫尔特曼,7.7,3.9,6.6,6.6,0,剧情,英国 / 美国,英语,2019-01-07,92,5889,11883,7.7
绝地隧战,金秉v,6.0,8.7,6.4,0,0,金秉v,6.0,8.7,6.4,0,0,0,0,0,0,0,0,河正宇,6.0,7.5,7.7,7.0,0,李善均,6.0,9.4,4.8,6.4,8.0,詹妮弗・艾莉,6.0,6.0,6.6,5.6,0,剧情/动作/惊悚,韩国,韩语 / 英语,2018-12-26,124,4615,4339,6.0
门锁,李权,6.8,6.7,6.3,6.9,0,朴正熙,6.8,0,0,0,0,李权,6.8,6.7,6.3,6.9,0,孔晓振,6.3,6.8,8.2,7.0,6.9,金痹,6.8,7.2,5.3,5.6,0,金圣武,6.8,6.2,7.1,8.3,7.1,悬疑/惊悚,韩国,韩语,2018-12-05,102,12658,7621,6.8
我的间谍前男友,苏珊娜・福格尔,6.3,6.7,0,0,0,苏珊娜・福格尔,6.3,6.7,0,0,0,大卫・伊瑟森,6.3,0,0,0,0,米拉・库尼斯,6.3,5.6,8.8,8.9,0,凯特・麦克金农,6.3,7.2,0,0,0,贾斯汀・塞洛克斯,7.6,7.1,8.3,6.3,4.8,喜剧/动作,美国 / 加拿大,英语 / 俄语 / 法语,2018-08-03,117,36568,64561,6.3
嗝嗝老师,西达夫・马贺拉,7.5,7.5,0,0,0,奥库勒・查乌赫雷,7.5,0,0,0,0,西达夫・马贺拉,7.5,7.5,0,0,0,拉妮・玛克赫吉,7.5,6.9,6.7,7.4,0,内拉吉・卡比,7.5,7.5,7.0,7.4,0,萨钦,7.5,9.0,0,0,0,剧情/喜剧,印度,印地语 / 英语,2018-03-23,120,44115,23198,7.5
未来的未来,细田守,6.7,7.7,8.6,8.6,8.6,细田守,6.7,7.7,8.6,8.6,8.6,0,0,0,0,0,0,上白石萌歌,8.2,8.0,6.9,6.7,0,黑木华,5.9,6.8,6.8,0,0,星野源,6.7,6.5,8.9,7.8,0,动画/奇幻,日本,日语,2018-05-16,98,4016,8883,6.7
喜欢，轻吻，快跑,克里斯托夫・奥诺雷,7.8,6.9,4.4,6.2,6.1,克里斯托夫・奥诺雷,7.8,6.9,4.4,6.2,6.1,0,0,0,0,0,0,文森特・拉科斯特,6.9,7.1,7.8,6.4,0,皮埃尔・德隆尚,7.9,7.8,0,0,0,德尼・波达利德斯,7.8,7.6,0,0,0,剧情/爱情/同性,法国,法语,2018-05-10,132,11583,33907,7.8
寡妇联盟,史蒂夫・麦奎因,6.3,8.0,0,0,0,史蒂夫・麦奎因,6.3,8.0,0,0,0,吉莉安・弗琳,6.3,8.3,7.4,6.0,8.7,维奥拉・戴维斯,9.0,6.3,8.5,7.0,0,连姆・尼森,7.3,6.3,8.4,6.6,0,乔・博恩瑟,8.3,7.9,6.3,7.7,8.6,剧情/犯罪/惊悚,英国 / 美国,英语 / 西班牙语 / 波兰语,2018-09-09,129,5511,5950,6.3
死亡天使,路易斯・奥特加,7.4,0,0,0,0,塞尔吉奥・奥尔金,7.4,0,0,0,0,路易斯・奥特加,7.4,0,0,0,0,奇诺・达林,7.7,7.4,5.5,0,0,丹尼尔・凡尼戈,7.4,6.0,0,0,0,洛伦佐・法罗,7.4,0,0,0,0,剧情/传记/犯罪/同性,阿根廷 / 西班牙,西班牙语,2018-05-12,120,1035,10143,7.4
昆池岩,郑凡植,6.1,6.5,5.9,6.8,5.7,郑凡植,6.1,6.5,5.9,6.8,5.7,0,0,0,0,0,0,魏河俊,7.9,7.5,7.7,6.1,6.6,朴智炫,8.3,7.5,7.1,6.1,0,吴雅妍,8.9,6.1,5.8,7.2,0,恐怖,韩国,韩语,2018-03-28,94,104312,29003,6.1
铁血战士,沙恩・布莱克,5.0,7.0,0,0,0,弗莱德・戴克尔,5.0,5.2,8.3,6.7,0,沙恩・布莱克,5.0,7.0,0,0,0,波伊德・霍布鲁克,5.0,8.3,0,0,0,崔凡特・罗兹,7.1,5.0,6.7,5.6,5.8,雅各布・特伦布莱,7.7,5.0,8.6,6.9,0,动作/科幻/惊悚/冒险,美国 / 加拿大,英语 / 西班牙语,2018-09-07,107,36272,40075,5.0
天鹅绒圆锯,丹・吉尔罗伊,5.5,6.8,6.5,8.3,6.7,丹・吉尔罗伊,5.5,6.8,6.5,8.3,6.7,0,0,0,0,0,0,杰克・吉伦哈尔,5.5,7.7,7.3,6.0,6.6,蕾妮・罗素,5.5,4.6,7.7,8.3,0,托妮・科莱特,5.5,6.8,5.8,6.5,0,剧情/悬疑/惊悚,美国,英语,2019-01-27,109,2345,3259,5.5
阿尔法：狼伴归途,艾尔伯特・休斯,6.4,6.7,0,0,0,达恩・威登霍普,6.4,0,0,0,0,艾尔伯特・休斯,6.4,6.7,0,0,0,柯蒂・斯密特-麦菲,6.4,7.3,7.7,7.4,0,恰克,6.4,0,0,0,0,约翰内斯・豪克尔・约翰内森,6.8,7.7,5.1,6.4,7.6,剧情/冒险,美国,英语,2018-08-17,96,25704,45884,6.4
克里斯托弗・罗宾,马克・福斯特,8.0,0,0,0,0,亚历克斯・罗斯・派瑞,8.0,6.2,6.5,0,0,汤姆・麦卡锡,6.0,8.0,7.3,8.3,8.8,伊万・麦克格雷格,8.0,6.0,8.4,8.2,7.1,海莉・阿特维尔,7.2,8.0,6.8,0,0,勃朗特・卡迈克尔,5.8,8.0,7.3,0,0,喜剧/动画/冒险,美国,英语,2018-08-03,104,17915,29925,8.0
寄宿学校,鲍兹・亚金,7.3,5.5,6.6,7.2,7.6,鲍兹・亚金,0,0,0,0,0,0,0,0,0,0,0,卢克・普拉尔,0,0,0,0,0,斯特林・杰里斯,0,0,0,0,0,威尔・帕顿,0,0,0,0,0,悬疑/恐怖,美国,英语,2018-08-31,111,30599,28445,7.3
环太平洋：雷霆再起,斯蒂文・S・迪奈特,5.4,8.3,8.8,8.5,8.7,斯蒂文・S・迪奈特,5.4,8.3,8.8,8.5,8.7,艾米丽・卡迈克尔,5.4,0,0,0,0,约翰・博耶加,8.4,5.4,7.1,0,0,斯科特・伊斯特伍德,5.4,5.4,7.0,0,0,卡莉・史派妮,7.6,6.9,5.4,0,0,动作/科幻/冒险,美国 / 中国大陆,英语 / 汉语普通话,2018-03-23,111,165149,30087,5.4
后来的我们,刘若英,5.9,8.4,6.7,7.2,0,袁媛,5.9,5.9,7.4,0,0,何昕明,5.9,6.5,7.4,0,0,井柏然,7.9,5.9,4.2,5.0,0,周冬雨,5.9,3.5,0,0,0,田壮壮,8.1,5.9,0,0,0,剧情/爱情,中国大陆,汉语普通话,2018-04-28,120,243973,28011,5.9
完美的他人,李宰圭,7.4,6.5,7.1,7.1,0,保罗・格诺维塞,7.4,6.5,6.3,8.5,6.3,0,0,0,0,0,0,柳海真,7.3,7.4,5.6,6.9,7.3,赵震雄,7.4,6.4,8.4,6.0,7.4,李瑞镇,8.5,7.4,7.2,5.8,0,剧情/喜剧,韩国,韩语,2018-10-31,115,8549,6011,7.4
词典,严宥娜,7.3,0,0,0,0,严宥娜,7.3,0,0,0,0,0,0,0,0,0,0,柳海真,7.3,7.4,5.6,6.9,7.3,尹启相,7.3,6.0,7.4,7.6,0,金弘波,7.3,7.5,7.9,8.4,7.3,剧情/历史,韩国,韩语,2019-01-09,135,667,1604,7.3
皇家酒店谋杀案,德鲁・高达,9.3,6.9,7.3,8.7,6.7,德鲁・高达,9.3,6.9,7.3,8.7,6.7,0,0,0,0,0,0,杰夫・布里吉斯,6.9,8.4,6.9,6.4,8.0,辛西娅・艾莉佛,6.9,6.3,8.8,8.7,0,达科塔・约翰逊,6.9,6.8,5.5,5.1,0,剧情/犯罪/悬疑/惊悚,美国,英语,2018-09-27,141,16386,10925,6.9
修女,科林・哈迪,5.9,5.7,0,0,0,加里・多伯曼,5.5,5.9,7.3,6.5,5.6,温子仁,7.7,5.9,6.1,0,0,德米安・比齐尔,5.9,7.3,0,0,0,泰莎・法米加,7.9,8.0,5.9,0,0,乔纳斯・布洛凯,5.9,6.2,7.7,0,0,悬疑/惊悚/恐怖,美国,英语 / 法语 / 罗马尼亚语 / 拉丁语,2018-09-07,96,26280,17553,5.9
大师兄,阚家伟,5.1,3.3,4.6,4.0,4.2,阚家伟,5.1,3.3,4.6,4.0,4.2,陈大利,5.6,5.1,6.6,6.3,0,甄子丹,2.6,5.6,5.1,7.2,5.6,陈乔恩,5.1,6.5,3.5,0,0,喻亢,2.6,5.1,3.7,0,0,喜剧/动作,中国大陆 / 香港,粤语,2018-08-24,100,23168,17999,5.1
玛丽女王,乔西・洛克,6.0,7.2,9.1,9.0,9.4,鲍尔・威利蒙,6.0,5.5,7.2,7.4,8.9,约翰・盖,6.0,0,0,0,0,西尔莎・罗南,6.0,7.0,6.5,6.0,7.3,玛格特・罗比,6.0,5.5,7.1,7.8,0,杰克・劳登,7.2,6.0,6.0,8.4,0,剧情/传记/历史,英国,英语,2018-12-07,124,895,6178,6.0
漂亮男孩,菲力斯・范・古宁根,6.2,6.0,7.5,7.4,0,菲力斯・范・古宁根,6.2,6.0,7.5,7.4,0,卢克・戴维斯,6.2,7.4,6.0,5.3,8.3,史蒂夫・卡瑞尔,6.7,5.8,6.2,0,0,蒂莫西・柴勒梅德,6.2,6.0,6.8,7.9,6.1,毛拉・蒂尔内,6.2,9.2,8.1,0,0,剧情,美国,英语,2018-09-07,120,5416,9973,6.2
妈妈咪鸭,赵锐,7.0,0,0,0,0,丁丁,7.0,3.7,7.6,7.4,0,包欧,7.0,0,0,0,0,赵路,6.6,7.0,0,0,0,武皓栋,7.0,0,0,0,0,殷筱瑜,7.0,5.2,0,0,0,喜剧/动画/冒险/家庭,中国大陆 / 美国,汉语普通话 / 英语,2018-03-09,90,14897,49252,7.0
沉默的教室,拉斯・克劳梅,8.4,7.0,0,0,0,迪特里希・加斯特卡,8.4,0,0,0,0,拉斯・克劳梅,8.4,7.0,0,0,0,乔纳斯・达斯勒,6.9,8.0,8.4,0,0,汤姆・格兰门兹,8.4,0,0,0,0,米夏埃尔・圭斯德克,8.4,7.6,5.4,0,0,剧情/历史,德国,德语,2018-03-01,111,8348,44287,8.4
野梨树,努里・比格・锡兰,8.2,8.1,7.6,7.6,0,阿克・阿克苏,8.2,0,0,0,0,埃布鲁・锡兰,8.2,8.1,7.6,7.6,7.5,岛吾・德米尔考,8.2,0,0,0,0,穆拉特・杰姆吉尔,8.2,0,0,0,0,本努・耶勒德热姆拉尔,8.2,0,0,0,0,剧情,土耳其 / 马其顿 / 法国 / 德国 / 波黑 / 保加利亚 / 瑞典,土耳其语,2018-05-18,188,5048,22576,8.2
宝贝儿,刘杰,5.2,5.4,6.5,6.7,7.2,刘杰,5.2,5.4,6.5,6.7,7.2,0,0,0,0,0,0,杨幂,5.2,4.7,3.4,0,0,郭京飞,7.9,4.2,5.2,4.6,0,李鸿其,5.2,5.9,6.9,5.0,6.6,剧情,中国大陆,汉语普通话,2018-09-09,96,31711,23840,5.2
致所有我曾爱过的男孩,苏珊・约翰逊,7.3,6.6,6.1,0,0,索菲娅・阿尔瓦雷斯,7.3,0,0,0,0,珍妮・汉,7.3,0,0,0,0,拉娜・康多,7.6,6.9,7.3,8.1,0,诺亚・琴蒂内奥,7.8,5.4,7.3,0,0,伊瑟尔・布罗萨德,7.1,7.3,5.8,7.1,0,爱情,美国,英语,2018-08-17,99,20128,16978,7.3
绿毛怪格林奇,亚罗・切尼,6.3,7.6,9.0,8.1,0,迈克尔・勒西厄尔,6.3,6.1,0,0,0,汤米・斯威德洛,6.3,6.8,0,0,0,本尼迪克特・康伯巴奇,7.7,6.3,6.3,7.7,0,卡梅伦・丝蕾,6.3,7.7,0,0,0,拉什达・琼斯,6.7,6.3,8.0,0,0,喜剧/动画/奇幻,法国 / 中国大陆 / 日本 / 美国,英语,2018-11-09,86,5703,9958,6.3
有熊谷守一在的地方,冲田修一,7.4,8.3,9.3,7.7,7.3,冲田修一,7.4,8.3,9.3,7.7,7.3,0,0,0,0,0,0,山崎努,6.7,7.9,8.3,8.1,5.9,树木希林,7.5,8.7,8.3,8.6,0,加濑亮,5.9,8.3,7.5,0,0,剧情,日本,日语,2018-04-10,100,7951,26092,8.3
乔纳斯,克里斯托夫・查理尔,7.3,0,0,0,0,克里斯托夫・查理尔,7.3,0,0,0,0,0,0,0,0,0,0,费利克斯・马利陶德,7.3,6.7,6.9,0,0,尼古拉斯・鲍文斯,7.3,0,0,0,0,汤米・李・巴克,7.3,4.5,0,0,0,剧情/爱情/同性,法国,法语,2018-09-13,82,1579,4293,7.3
假若比尔街能说话,巴里・詹金斯,6.8,8.1,7.3,0,0,巴里・詹金斯,6.8,8.1,7.3,0,0,詹姆斯・鲍德温,6.8,7.7,8.1,8.3,8.2,基基・莱恩,6.8,0,0,0,0,史蒂芬・詹姆士,7.4,6.8,7.5,0,0,雷吉娜・金,6.8,7.9,9.5,0,0,剧情/爱情/犯罪,美国,英语 / 西班牙语,2018-09-09,117,1106,6322,6.8
德鲁大叔,查尔斯・斯通三世,8.9,6.5,5.3,0,0,杰・朗吉诺,6.5,5.6,0,0,0,0,0,0,0,0,0,凯里・欧文,6.5,8.7,9.4,8.8,0,里尔・莱尔・哈瓦瑞,7.1,6.7,6.5,0,0,沙奎尔・奥尼尔,5.9,6.5,6.1,8.4,0,喜剧/运动,美国,英语,2018-06-29,103,12665,13497,6.5
大叔花样游泳队,奥利弗・帕克,6.7,5.7,7.1,6.4,6.8,0,0,0,0,0,0,0,0,0,0,0,0,鲁珀特・格雷夫斯,6.7,8.3,5.6,7.7,6.9,吉姆・卡特,6.7,7.1,6.6,8.8,0,夏洛特・莱利,6.9,8.6,6.7,7.3,0,喜剧/运动,英国,英语,2018-07-01,96,740,1302,6.7
你的婚礼,李锡根,7.2,0,0,0,0,李锡根,7.2,0,0,0,0,0,0,0,0,0,0,金英光,7.4,5.7,7.2,7.2,6.2,朴宝英,7.2,7.6,6.2,6.3,8.2,姜其永,7.5,5.5,7.2,8.0,0,剧情/爱情,韩国,韩语,2018-08-22,110,12076,10052,7.2
大汉十三将之血战疏勒城,回宇,5.7,4.3,5.2,0,0,0,0,0,0,0,0,0,0,0,0,0,0,谢苗,5.7,5.1,6.5,3.6,4.7,陈梦希,5.7,6.7,7.4,0,0,热依娜,5.7,5.8,0,0,0,历史,中国大陆,汉语普通话,2019-02-15,85,876,260,5.7
魔女,朴勋政,7.2,6.9,7.2,8.6,4.7,朴勋政,7.2,6.9,7.2,8.6,4.7,0,0,0,0,0,0,金多美,7.2,5.4,0,0,0,赵敏修,7.2,6.1,7.0,7.7,0,朴熙顺,5.0,5.3,7.2,6.8,0,动作/悬疑,韩国,韩语,2018-06-27,125,11947,13193,7.2
老人和枪,大卫・洛维,7.0,7.5,6.1,0,0,大卫・洛维,7.0,7.5,6.1,0,0,大卫・格恩,7.0,6.9,5.3,0,0,罗伯特・雷德福,7.0,7.8,6.2,6.5,0,茜茜・斯派塞克,7.4,7.0,7.7,8.4,7.5,卡西・阿弗莱克,7.0,7.5,7.2,0,0,剧情/喜剧/犯罪,美国,英语,2018-08-31,93,4720,7023,7.0
永恒之门,朱利安・施纳贝尔,6.0,6.6,0,0,0,让-克洛德・卡里埃,7.1,6.0,7.4,0,0,朱利安・施纳贝尔,6.0,6.6,0,0,0,威廉・达福,7.7,6.0,6.0,0,0,鲁伯特・弗兰德,7.1,6.0,7.3,8.8,0,奥斯卡・伊萨克,8.7,6.7,6.0,6.3,0,剧情/传记,瑞士 / 爱尔兰 / 英国 / 法国 / 美国,法语 / 英语,2018-09-03,110,938,4784,6.0
狂暴巨兽,布拉德・佩顿,6.4,5.8,7.1,7.0,0,瑞安・恩格尔,5.1,6.4,6.6,7.5,0,卡尔顿・库斯,8.1,6.4,7.1,8.7,7.8,道恩・强森,8.3,6.3,6.4,0,0,娜奥米・哈里斯,6.3,6.4,6.7,7.3,6.4,杰弗里・迪恩・摩根,7.9,6.4,6.6,8.1,0,动作/科幻/冒险,美国,英语,2018-04-13,107,107804,15952,6.4
最好的朋友,马丁・迪乌斯,7.0,6.5,7.9,0,0,马丁・迪乌斯,7.0,6.5,7.9,0,0,0,0,0,0,0,0,安杰洛・穆蒂・斯皮人,7.0,0,0,0,0,劳塔罗罗德里格斯,7.0,0,0,0,0,吉列尔莫・普宁,7.0,7.3,6.7,0,0,剧情/同性,阿根廷,西班牙语,2018-11-08,90,1411,5461,7.0
坏种,罗伯・劳,6.7,9.0,5.0,6.4,6.1,威廉・玛奇,6.7,7.9,0,0,0,巴尔巴拉・马歇尔,6.7,5.8,4.7,0,0,麦肯娜・格瑞丝,6.7,8.7,9.3,6.7,0,卡拉・布欧诺,8.1,6.7,5.5,8.8,0,罗伯・劳,6.7,9.0,5.0,6.4,6.1,剧情/悬疑/恐怖,美国,英语,2018-09-09,84,3770,6993,6.7
月光光心慌慌,大卫・戈登・格林,7.9,5.9,5.8,0,0,杰夫・弗拉德利,5.9,0,0,0,0,丹尼・麦克布莱德,5.9,5.8,6.1,0,0,杰米・李・柯蒂斯,6.1,5.9,7.2,0,0,朱迪・格雷尔,6.0,5.9,8.9,0,0,安迪・马蒂切克,5.9,0,0,0,0,惊悚/恐怖,美国,英语,2018-09-08,106,12326,9180,5.9
希斯特斯兄弟,雅克・欧迪亚,7.7,8.3,7.1,7.6,0,雅克・欧迪亚,7.7,8.3,7.1,7.6,0,托马斯・彼得葛恩,7.7,5.7,7.4,7.1,0,约翰・C・赖利,3.9,8.1,7.7,7.7,7.1,杰昆・菲尼克斯,7.7,5.9,6.0,6.0,0,杰克・吉伦哈尔,5.5,7.7,7.3,6.0,6.6,犯罪/西部/冒险,法国 / 西班牙 / 罗马尼亚 / 美国 / 比利时,英语,2018-09-02,121,5292,7702,7.7
阿拉姜色,松太加,7.6,7.7,7.6,7.6,7.6,松太加,7.6,7.7,7.6,7.6,7.6,扎西达娃,7.6,7.3,8.3,7.3,0,容中尔甲,7.6,0,0,0,0,尼玛颂宋,7.6,4.8,0,0,0,赛却加,7.6,0,0,0,0,剧情/家庭,中国大陆,藏语,2018-06-23,109,11136,13171,7.6
游戏之夜,约翰・弗朗西斯・戴利,7.1,7.4,7.1,6.1,8.6,马克・佩雷斯,7.1,7.5,6.6,6.1,0,0,0,0,0,0,0,杰森・贝特曼,8.7,7.8,7.1,8.2,0,瑞秋・麦克亚当斯,7.1,6.8,7.6,8.8,7.3,凯尔・钱德勒,7.7,7.1,7.9,7.3,8.4,喜剧/犯罪/悬疑,美国,英语,2018-02-23,100,34127,15682,7.1
塔巴德,拉希・阿尼尔・巴夫,7.4,0,0,0,0,米什・沙阿,7.4,0,0,0,0,阿德什・普拉萨德,7.4,0,0,0,0,索姆・沙,7.4,7.4,0,0,0,田蒂・马舍,7.4,0,0,0,0,安妮塔・戴特,7.4,0,0,0,0,剧情/奇幻/惊悚,印度,印地语,2018-08-29,104,3220,3915,7.4
罗宾汉,奥图・巴瑟赫斯特,5.4,8.9,9.4,8.8,0,本・钱德勒,5.4,0,0,0,0,戴维・詹姆斯・凯利,5.4,0,0,0,0,塔伦・埃格顿,8.4,5.4,5.3,6.9,6.9,杰米・福克斯,6.7,5.4,7.0,5.5,0,本・门德尔森,5.4,6.2,8.7,8.5,0,动作/冒险,美国,英语,2018-11-21,116,2184,1589,5.4
麻药王,禹民镐,5.6,7.7,6.4,5.7,0,禹民镐,5.6,7.7,6.4,5.7,0,0,0,0,0,0,0,宋康昊,5.6,6.5,8.4,9.2,7.3,曹政],6.3,5.6,7.6,6.9,7.4,裴斗娜,8.5,5.6,7.5,9.2,9.2,剧情/动作/犯罪,韩国,韩语,2018-12-19,139,4648,3284,5.6
边境杀手2：边境战士,斯特法诺・索利马,6.7,9.0,7.1,9.1,6.5,泰勒・谢里丹,6.7,9.1,6.7,7.8,8.0,0,0,0,0,0,0,本尼西奥・德尔・托罗,8.3,6.7,8.1,7.1,7.7,乔什・布洛林,6.7,7.3,8.1,5.8,0,伊莎贝拉・莫奈,7.9,6.7,6.1,4.9,0,剧情/动作/犯罪,美国 / 意大利,英语 / 西班牙语,2018-06-29,122,18506,12181,6.7
幕后玩家,任鹏远,5.7,5.6,0,0,0,任鹏远,5.7,5.6,0,0,0,0,0,0,0,0,0,徐峥,6.4,7.4,7.1,4.5,0,王丽坤,4.5,5.7,0,0,0,王砚辉,6.7,8.1,9.0,0,0,剧情/犯罪/悬疑,中国大陆,汉语普通话,2018-04-15,114,126421,12094,5.7
我的冤家是条狗,曼迪・弗莱彻,6.4,4.8,0,0,0,凡妮莎・戴维斯,6.4,0,0,0,0,曼迪・弗莱彻,6.4,4.8,0,0,0,比蒂・埃德蒙森,6.4,4.8,0,0,0,艾德・斯克林,7.6,6.8,6.4,5.7,0,米兰卡・布鲁克斯,6.4,8.3,4.8,0,0,喜剧/家庭,英国,英语,2018-06-29,95,5976,6747,6.4
惊涛飓浪,巴塔萨・科马库,6.8,0,0,0,0,亚伦・坎德尔,6.8,7.5,0,0,0,乔丹・坎德尔,6.8,7.5,0,0,0,山姆・克拉弗林,6.8,6.4,6.3,0,0,谢琳・伍德蕾,6.8,8.9,7.6,5.8,5.9,杰弗瑞・托马斯,6.8,8.8,7.4,8.5,8.7,爱情/灾难,美国,英语,2018-06-01,96,10376,17529,6.8
野性,卡米尔・维达-那克,6.9,0,0,0,0,卡米尔・维达-那克,6.9,0,0,0,0,0,0,0,0,0,0,费利克斯・马利陶德,7.3,6.7,6.9,0,0,埃里克・伯纳德,6.9,6.3,0,0,0,尼古拉斯・迪布拉,6.9,0,0,0,0,剧情/情色/同性,法国,法语,2018-05-10,99,2134,4685,6.9
你给的仇恨,小乔治・提尔曼,7.8,7.0,9.5,7.6,7.2,奥黛丽・威尔斯,7.8,7.7,7.2,7.5,0,安吉・托马斯,7.8,0,0,0,0,阿曼德拉・斯坦伯格,7.8,5.3,6.6,0,0,雷吉娜・赫尔,8.9,7.8,6.0,5.7,0,罗素・霍恩斯比,6.8,7.3,7.8,9.2,8.0,剧情/犯罪,美国,英语,2018-09-07,133,5139,8343,7.8
小公女,全高云,7.9,6.0,6.6,6.3,0,全高云,7.9,6.0,6.6,6.3,0,0,0,0,0,0,0,李絮,7.4,7.9,8.5,6.4,6.6,安在洪,7.9,6.1,8.3,6.4,7.3,姜臻雅,7.9,6.7,0,0,0,剧情/爱情,韩国,韩语,2018-03-22,106,6349,12426,7.9
君主！先发制人,月川翔,6.9,5.8,6.6,6.7,6.2,吉田{里香,7.6,5.8,6.5,0,0,0,0,0,0,0,0,竹内凉真,7.3,6.6,5.8,7.7,0,滨边美波,9.1,5.8,6.6,6.1,7.6,佐藤大树,5.8,5.0,5.6,0,0,喜剧/爱情,日本,日语,2018-08-01,104,1526,1276,5.8
家族之苦3,山田洋次,6.5,7.3,7.9,4.5,8.4,山田洋次,6.5,7.3,7.9,4.5,8.4,平松惠美子,8.3,7.9,4.5,8.4,0,桥爪功,8.6,8.3,0,0,0,吉行和子,6.9,7.9,6.1,6.9,6.7,西村雅彦,7.9,8.4,5.5,6.2,7.1,喜剧/家庭,日本,日语,2018-04-05,123,8590,8773,7.9
伸冤人2,安东尼・福奎阿,6.9,7.0,7.9,7.1,0,理查德・温克,6.9,5.8,5.9,7.5,4.4,迈克尔・斯隆,6.9,7.6,5.1,0,0,丹泽尔・华盛顿,6.9,6.8,7.0,7.5,8.6,佩德罗・帕斯卡,6.8,6.9,6.9,9.4,0,艾什顿・桑德斯,6.9,7.3,0,0,0,动作/犯罪/惊悚,美国,英语 / 法语 / 土耳其语 / 希伯来语,2018-07-20,121,17724,6641,6.9
肆式青春,李豪凌,7.4,5.5,8.4,7.3,0,永川成基,5.5,8.2,0,0,0,李豪凌,7.4,5.5,8.4,7.3,0,坂泰斗,5.5,0,0,0,0,寿美菜子,8.9,5.5,8.9,0,0,白石晴香,9.0,6.7,6.8,5.5,8.7,动画,日本 / 中国大陆,汉语普通话 / 日语 / 粤语 / 上海话,2018-08-04,74,14741,10546,5.5
龙虾刑警,李昕芸,4.9,6.4,5.2,8.9,4.9,范鹞,4.9,4.8,5.9,5.4,6.2,鹿迅,4.9,0,0,0,0,王千源,6.7,7.2,4.9,0,0,袁姗姗,4.9,4.1,6.6,0,0,刘桦,6.4,4.9,3.7,5.4,0,喜剧/动作/犯罪,中国大陆,汉语普通话,2018-06-22,93,38512,4558,4.9
猖獗,金成勋,5.7,6.9,6.9,0,0,黄肇允,8.2,5.7,5.3,7.5,6.9,元新渊,5.7,7.5,7.4,7.5,0,玄彬,7.8,5.7,6.9,7.3,6.9,赵宇镇,5.6,7.5,5.7,8.9,8.2,张东健,5.7,7.1,5.6,6.9,6.4,动作/恐怖,韩国,韩语,2018-10-25,121,5044,2752,5.7
超人王朝,刘山姆,6.9,7.4,7.3,6.8,0,詹姆斯・克里格,6.9,6.1,7.5,6.8,6.5,蒂姆・谢里丹,6.9,0,0,0,0,杰瑞・奥康奈尔,6.9,7.4,9.3,0,0,丽贝卡・罗梅恩,8.6,6.9,7.4,0,0,雷恩・威尔森,6.9,6.0,7.3,5.7,7.4,动作/科幻/动画,美国,英语,2019-01-10,87,2915,1608,6.9
协商,李钟],6.9,0,0,0,0,崔成贤,6.9,7.7,6.5,0,0,0,0,0,0,0,0,孙艺珍,6.9,7.7,8.2,7.4,6.5,玄彬,7.8,5.7,6.9,7.3,6.9,金相浩,8.5,6.9,6.0,6.4,0,动作/犯罪/悬疑,韩国,韩语,2018-09-19,114,11788,6702,6.9
游侠索罗：星球大战外传,朗・霍华德,6.9,0,0,0,0,乔恩・卡斯丹,6.9,6.7,6.4,6.7,6.3,劳伦斯・卡斯丹,6.9,7.1,7.9,6.4,0,阿尔登・埃伦瑞奇,6.9,6.1,5.5,6.4,0,艾米莉亚・克拉克,6.9,9.3,5.3,8.8,0,伍迪・哈里森,9.2,7.2,6.9,6.6,8.7,动作/科幻/冒险,美国,英语,2018-05-10,135,39962,10101,6.9
的士速递5,弗兰克・盖思堂彼得,5.4,6.4,0,0,0,弗兰克・盖思堂彼得,5.4,6.4,0,0,0,斯特凡纳・卡赞吉安,5.4,6.9,6.4,7.6,0,弗兰克・盖思堂彼得,5.4,6.4,0,0,0,马利克・班泽拉,5.4,7.3,0,0,0,伯纳尔・法西,5.4,6.8,7.1,6.9,6.5,喜剧/动作/犯罪,法国,法语 / 意大利语,2018-04-11,100,17576,12740,5.4
90年代中期,乔纳・希尔,7.2,7.8,8.3,7.2,0,乔纳・希尔,7.2,7.8,8.3,7.2,0,0,0,0,0,0,0,桑尼・苏尔季克,5.5,7.2,6.0,6.7,0,凯瑟琳・沃特斯顿,7.1,7.2,4.8,0,0,卢卡斯・赫奇斯,7.2,7.3,7.4,8.7,0,剧情/喜剧,美国,英语,2018-09-09,84,2559,5983,7.2
银湖之底,大卫・罗伯特・米切尔,6.5,6.4,6.9,0,0,大卫・罗伯特・米切尔,6.5,6.4,6.9,0,0,0,0,0,0,0,0,安德鲁・加菲尔德,6.5,7.5,9.4,9.3,7.6,狄波拉・盖夫娜,6.5,6.5,4.9,5.1,0,丽莉・克亚芙,5.8,6.5,7.3,6.7,0,剧情/喜剧/犯罪/惊悚,美国,英语,2018-05-15,139,4748,8663,6.5
高飞鸟,史蒂文・索德伯格,6.5,6.7,6.5,6.2,0,塔瑞尔・麦卡尼,6.5,7.3,0,0,0,0,0,0,0,0,0,安德烈・霍兰,6.5,7.7,3.6,7.6,7.3,莎姬・贝兹,6.5,7.3,9.4,0,0,比尔・杜克,6.5,5.5,0,0,0,剧情/运动,美国,英语,2019-02-08,90,379,765,6.5
挪威7・22爆炸枪击案,保罗・格林格拉斯,7.5,7.3,0,0,0,保罗・格林格拉斯,7.5,7.3,0,0,0,塞厄斯塔,7.5,7.8,0,0,0,安德斯・丹尼尔森・李,7.5,6.4,5.1,0,0,乔纳斯・斯特兰德・格利,7.5,0,0,0,0,乔恩・奥伊登,7.5,7.3,0,0,0,剧情/历史/犯罪,挪威 / 冰岛 / 美国,英语,2018-09-05,143,5596,9691,7.5
差等生乔曦,李克龙,4.4,4.5,3.5,0,0,李克龙,4.4,4.5,3.5,0,0,0,0,0,0,0,0,林昕宜,4.4,0,0,0,0,李立北,4.4,7.2,0,0,0,来喜,4.4,0,0,0,0,剧情/喜剧,中国大陆,汉语普通话,2019-01-20,104,699,4332,4.4
薄荷,皮埃尔・莫瑞尔,6.5,5.4,0,0,0,查德・圣・约翰,6.2,6.5,6.1,0,0,0,0,0,0,0,0,詹妮弗・加纳,6.1,6.5,8.3,6.4,0,小约翰・加拉赫,6.5,6.6,6.1,6.2,0,约翰・奥提兹,7.1,6.2,6.5,7.7,6.2,剧情/动作/惊悚,美国,英语,2018-09-07,102,5568,3545,6.5
汉娜格蕾丝的着魔,迪埃德里克・范・罗伊詹,5.3,0,0,0,0,布赖恩・西弗,5.3,0,0,0,0,0,0,0,0,0,0,薛・米契尔,5.3,8.2,7.2,6.2,0,格雷・达蒙,5.3,6.0,5.9,6.4,0,柯比・约翰逊,5.3,0,0,0,0,悬疑/惊悚/恐怖,美国,英语,2018-11-30,86,469,441,5.3
孤狼之血,白石和弥,7.4,7.8,6.8,0,0,池上纯哉,7.1,7.8,6.7,5.8,6.5,柚月裕子,7.8,0,0,0,0,役所广司,8.6,6.7,7.8,8.8,8.6,松坂桃李,7.6,7.8,5.7,6.2,5.2,真木阳子,6.2,5.5,6.4,7.8,7.1,剧情/犯罪,日本,日语,2018-05-12,126,6998,7646,7.8
22英里,彼得・博格,6.8,8.1,7.0,0,0,利・卡彭特,6.8,0,0,0,0,格雷厄姆・罗兰,8.1,6.8,0,0,0,马克・沃尔伯格,7.9,6.8,8.3,7.0,6.3,劳伦・科汉,7.9,6.8,6.6,6.7,0,伊科・乌艾斯,6.9,6.8,5.1,5.5,7.1,动作/犯罪/冒险,美国,英语 / 俄语 / 印度尼西亚语,2018-08-17,94,12467,5318,6.8
